ID,Country,Villages,CoralExt,seagrassExt,mangroveExt,Cropland,Nb_sp,FRic,FDiv,FEve,FDis,FSpe,FOri,cdd_126_2050,cdd_126_2100,cdd_245_2050,cdd_245_2100,cdd_370_2050,cdd_370_2100,cdd_585_2050,cdd_585_2100,pH_trend_126_2050,pH_trend_126_2100,pH_trend_245_2050,pH_trend_245_2100,pH_trend_370_2050,pH_trend_370_2100,pH_trend_585_2050,pH_trend_585_2100,r10p_126_2050,r10p_126_2100,r10p_245_2050,r10p_245_2100,r10p_370_2050,r10p_370_2100,r10p_585_2050,r10p_585_2100,tap_trend_126_2050,tap_trend_126_2100,tap_trend_245_2050,tap_trend_245_2100,tap_trend_370_2050,tap_trend_370_2100,tap_trend_585_2050,tap_trend_585_2100,sst_trend_126_2050,sst_trend_126_2100,sst_trend_245_2050,sst_trend_245_2100,sst_trend_370_2050,sst_trend_370_2100,sst_trend_585_2050,sst_trend_585_2100,sst90p_126_2050,sst90p_126_2100,sst90p_245_2050,sst90p_245_2100,sst90p_370_2050,sst90p_370_2100,sst90p_585_2050,sst90p_585_2100,ts_trend_126_2050,ts_trend_126_2100,ts_trend_245_2050,ts_trend_245_2100,ts_trend_370_2050,ts_trend_370_2100,ts_trend_585_2050,ts_trend_585_2100,ts90p_126_2050,ts90p_126_2100,ts90p_245_2050,ts90p_245_2100,ts90p_370_2050,ts90p_370_2100,ts90p_585_2050,ts90p_585_2100,std_corals,std_seagrass,std_mangrove,std_cropcover,std_Nb_sp,std_FRic,std_FDiv,std_FEve,hzd.mn.ssp126.2050,hzd.mn.ssp245.2050,hzd.mn.ssp370.2050,hzd.mn.ssp585.2050,exp.mn.wioo,hzd.sd.ssp126.2050,hzd.sd.ssp245.2050,hzd.sd.ssp370.2050,hzd.sd.ssp585.2050,exp.sd.wioo,wgts.Exposure,wgts.ssp126.2050,wgts.ssp245.2050,wgts.ssp370.2050,wgts.ssp585.2050,imp.ssp126.2050,imp.ssp245.2050,imp.ssp370.2050,imp.ssp585.2050
BF100,Kenya,Faza,5052746.453501431,5843741.970800561,6545059.324910167,1414136.3927422327,146.23833252729798,0.646235974208442,0.6236587174403901,0.4265718205527782,0.49881885983166163,0.45888764728019277,0.09731345124250002,0.4347816385151274,0.42269577417300774,0.4339182611339884,0.41806845425287403,0.4368573251526095,0.40640875999901765,0.43192340412206054,0.4014764581165812,0.5141576160169737,0.4916068306553792,0.5614899918069652,0.5489927869173854,0.5748802608154083,0.55817891523776475,0.5578019184039513,0.5831006242706351,0.4255479147416604,0.4077709907080675,0.41862399425324004,0.42774427847615437,0.4672728466020565,0.4338379346929286,0.48932206305375947,0.42949713376263027,0.5021310899024167,0.571414785974567,0.45104579286935237,0.595856330712525,0.4565417787704509,0.6251496402013089,0.5163429581676734,0.5359000427534516,0.5352400756589099,0.46592758372281234,0.5358706768062929,0.5134322376465984,0.545408853327728,0.6030308514369657,0.5597036145680598,0.6174285127367029,0.5485374908302417,0.5820171859216302,0.5878103912205522,0.5812082592132825,0.5905086048235737,0.5714428360215228,0.5866762005630014,0.5660478704207701,0.5202833705656082,0.4980016648203554,0.5414867046298107,0.49909320866262596,0.5452462300874285,0.5467172027187813,0.5492656463155348,0.5502366987248344,0.5251476683395417,0.5236708555357955,0.5514185290368588,0.5623445582617884,0.5310540375156415,0.5507335130251512,0.5393965385464031,0.5548350436276598,0.16649974067255366,0.16820581612576413,0.19006508325997765,0.23756771019824394,0.35821267332455137,0.646235974208442,0.6236587174403901,0.4265718205527782,0.5085163384751682,0.5348840504608788,0.54277128325436,0.5475932929228731,0.5295156760500506,0.09535624870781585,0.09741221025325175,0.09530786804510911,0.08862330785509386,0.15091380197571677,2.5716280154791,6.061846564751589,5.845268431102978,6.317213411199448,6.789115750793918,0.5802173217374144,0.6110821106316634,0.6241772896039022,0.6623033577133384
BF101,Kenya,Kiwayu,4786737.794361717,9121113.715746386,8644468.54762994,1343840.4080586468,149.03610200684804,0.6594832374294318,0.6364220338687084,0.43559270985523346,0.5091031842007124,0.4682939933067577,0.0993801753289802,0.43437084450435776,0.4224068776480313,0.43356377868685964,0.4178717431583883,0.4363629281256765,0.4061330023850432,0.4317698253042242,0.40145237181255355,0.5140783259118012,0.49154074716263463,0.5613581958015246,0.5487773554736012,0.5747530551169899,0.5585413413331582,0.5577053849902585,0.5831288127635924,0.42604131486560887,0.40718391981334146,0.4179087957256113,0.42778332775568806,0.46601905713701436,0.432494916078927,0.4883373239703725,0.4265919148227546,0.5013994697361802,0.5709919524551427,0.4499404964036214,0.596304557027834,0.4558598886168728,0.6252158385747784,0.5149999935465763,0.5369795782597808,0.5344049865555105,0.4645829336240933,0.53465252939481,0.511725392568169,0.5439495322708503,0.6015737084006636,0.5583152803366612,0.6155407725572636,0.5479161106443602,0.5817373461764762,0.5871924837164462,0.5809458605855231,0.5897096650406691,0.5712361331626968,0.5861109242246183,0.5657605538341405,0.5213361405403059,0.49895222332057054,0.5409329524003443,0.5000489777707571,0.5446035585640616,0.5467037249546579,0.5498340694316517,0.5500700376700903,0.524529130934019,0.5252804963620682,0.5533201838402276,0.5636461805745921,0.5317646407776911,0.551466174346579,0.5415761202770825,0.5551002009702268,0.15932449386585343,0.16548283092055954,0.18371569970197668,0.23204505862556338,0.36491648543326644,0.6594832374294318,0.6364220338687084,0.43559270985523346,0.5084976303957589,0.5344709214565418,0.542665242406583,0.5478956213975598,0.540539662231925,0.09630833143296953,0.09838299456715077,0.0963616446407993,0.08964067984505857,0.15418787012714,2.621903902134982,5.991617827422598,5.775059819429297,6.2272215469053185,6.696763979665556,0.5903077744076051,0.62124225319253,0.6363082782002574,0.6749325048757228
BF101,Kenya,Ndau,4786737.794361717,9121113.715746386,8644468.54762994,1343840.4080586468,149.03610200684804,0.6594832374294318,0.6364220338687084,0.43559270985523346,0.5091031842007124,0.4682939933067577,0.0993801753289802,0.43437084450435776,0.4224068776480313,0.43356377868685964,0.4178717431583883,0.4363629281256765,0.4061330023850432,0.4317698253042242,0.40145237181255355,0.5140783259118012,0.49154074716263463,0.5613581958015246,0.5487773554736012,0.5747530551169899,0.5585413413331582,0.5577053849902585,0.5831288127635924,0.42604131486560887,0.40718391981334146,0.4179087957256113,0.42778332775568806,0.46601905713701436,0.432494916078927,0.4883373239703725,0.4265919148227546,0.5013994697361802,0.5709919524551427,0.4499404964036214,0.596304557027834,0.4558598886168728,0.6252158385747784,0.5149999935465763,0.5369795782597808,0.5344049865555105,0.4645829336240933,0.53465252939481,0.511725392568169,0.5439495322708503,0.6015737084006636,0.5583152803366612,0.6155407725572636,0.5479161106443602,0.5817373461764762,0.5871924837164462,0.5809458605855231,0.5897096650406691,0.5712361331626968,0.5861109242246183,0.5657605538341405,0.5213361405403059,0.49895222332057054,0.5409329524003443,0.5000489777707571,0.5446035585640616,0.5467037249546579,0.5498340694316517,0.5500700376700903,0.524529130934019,0.5252804963620682,0.5533201838402276,0.5636461805745921,0.5317646407776911,0.551466174346579,0.5415761202770825,0.5551002009702268,0.15932449386585343,0.16548283092055954,0.18371569970197668,0.23204505862556338,0.36491648543326644,0.6594832374294318,0.6364220338687084,0.43559270985523346,0.5084976303957589,0.5344709214565418,0.542665242406583,0.5478956213975598,0.540539662231925,0.09630833143296953,0.09838299456715077,0.0963616446407993,0.08964067984505857,0.15418787012714,2.621903902134982,5.991617827422598,5.775059819429297,6.2272215469053185,6.696763979665556,0.5903077744076051,0.62124225319253,0.6363082782002574,0.6749325048757228
BG99,Kenya,Matondoni,5573811.292188116,8274565.227132752,6808402.824797056,1598336.751420018,144.45233532455828,0.6358074193872516,0.613543287319198,0.4188924143856959,0.49073793616737243,0.4515140881086452,0.09551826433028418,0.432030774919891,0.4200531493283118,0.43076956260973837,0.41524175929727625,0.43386014615469287,0.404111372298734,0.42868735616331394,0.3992093017523429,0.5138336313932401,0.49173090399471026,0.5614178503465124,0.5486275131671174,0.5749235618444989,0.5580329268562433,0.5582631427108465,0.5820565201167386,0.42755717540964006,0.4105167890596861,0.42289822064407373,0.42976354981311715,0.4721136495488779,0.4373740328392109,0.49409377314465225,0.4341225946498336,0.49947539926709056,0.5718962151705672,0.44959732153274146,0.5934030616223662,0.4544630448592608,0.6243882245768347,0.5157705170024826,0.5327450129851004,0.5347963579859292,0.47221634080880254,0.5371036256776964,0.5151965011882282,0.5472053481106524,0.6022515821876344,0.560563000578305,0.6192125146998891,0.550119303567667,0.5820176319325298,0.5886375880779255,0.5813036968081833,0.5919785670614149,0.5715298683964192,0.5873204412616804,0.5661982571691776,0.5189653064199579,0.4970601853824869,0.5415159377197308,0.49793696630762496,0.5452080973393061,0.5463501130202199,0.548595882152673,0.5501345891490834,0.5286826463345073,0.526023739757975,0.5501725072118913,0.5611399842442906,0.5323233669825232,0.5506874569791272,0.5386982818694253,0.5543106704133814,0.16971410585245766,0.16887062842872433,0.18372549472340705,0.2517361754862859,0.35475142923259456,0.6358074193872516,0.613543287319198,0.4188924143856959,0.508089892349404,0.5345343824725257,0.5424122070284739,0.5471776553620817,0.5206644119590828,0.0943453541812767,0.09629722029726076,0.09448068558636817,0.08775049841326148,0.14789699472081472,2.5392354966394235,6.1439322579808495,5.929789407281562,6.411019821150207,6.882594347899091,0.5726441611815439,0.6027279005804432,0.6144233323032365,0.6529766247031421
BK95,Kenya,Uyombo,5420009.60805591,5638381.8457952645,5444013.645183466,2068292.8994417496,144.43626037468022,0.6282068825184165,0.6062684837125544,0.4116688630176911,0.4848297791544817,0.446279252645515,0.09375709788478254,0.4213837276511275,0.4102819045572561,0.418613021041627,0.40444263042613443,0.4222784081532592,0.3944851435604304,0.4164757038257032,0.38966577785745393,0.5142941484722245,0.4934484917262418,0.5615854794215344,0.5492014645578317,0.5748595202632685,0.5587898253650718,0.5573308005002314,0.5837225949452345,0.4393228412871207,0.4241245980497623,0.4372593101942864,0.4378816645863446,0.4892199619155061,0.45105141923218556,0.5039749888647014,0.4490438642346934,0.4943919233348273,0.5712754366451669,0.4427315888086535,0.5873142056331232,0.44746943990531496,0.6182910225608531,0.5090872737814016,0.5244586930200482,0.5352278805729214,0.47281645387557736,0.5380632319782338,0.517790666744578,0.5477063099241614,0.6081147237239279,0.561334457729839,0.6211022505100304,0.5503026034777552,0.5819055781164607,0.5888397871549856,0.5810362288620822,0.5907783131906179,0.5713235077729191,0.5873706318662579,0.565977921380772,0.5144994576832652,0.503119170690012,0.5417351908487261,0.49456604560406914,0.544940637989105,0.5474119248220505,0.5484983642563056,0.5498678290267276,0.5433221892332599,0.5361184813149665,0.5517997775251883,0.5588404489805128,0.5370375656904731,0.5510819531758019,0.5415637668647263,0.5534575922549363,0.17636069708317872,0.1646030015543507,0.17451478104310972,0.29534469792454404,0.35822997776702054,0.6282068825184165,0.6062684837125544,0.4116688630176911,0.5096062270159191,0.5341677292457387,0.5418536030086563,0.5479467693624176,0.5136666916450692,0.09261217566537136,0.09414645136253633,0.09279246910298183,0.08772093057359766,0.14411719013328386,2.542011898788287,6.354958952627948,6.1152138256857915,6.61285667447794,6.8973351960535805,0.5763723686158694,0.603321115749813,0.6153219099586503,0.6535411336029466
BK96,Kenya,Mida,4529388.747228705,4718758.739717392,5595311.487823924,1936159.2526381323,149.61530573888456,0.6510957366828384,0.6279771237046933,0.4264586998529218,0.5020454088301578,0.4621904743491806,0.09715524730816058,0.4206983884384846,0.4094117043806792,0.4179293858540291,0.4036690106881425,0.42164770453919603,0.3938624329730847,0.41584066855832086,0.38931956154626396,0.5142493483947439,0.49339939572253494,0.5615208357402653,0.54873711862097,0.5748053123474332,0.5588487028696585,0.5573650005772585,0.5835556227854456,0.4387384080973406,0.4236080096648451,0.4361773878651691,0.4378425024191048,0.48846109013590094,0.4506969292362941,0.5035988807929866,0.44876736003271434,0.49125621948988135,0.5744731362097372,0.4407933147915366,0.5897324503229184,0.4449340715936399,0.6204393599687845,0.5077107158642932,0.5253613351057876,0.5340288133394473,0.46721041356976517,0.5377554740575153,0.5173618364360028,0.5475083742126858,0.6079544218142828,0.5611722335173087,0.6210275367249478,0.5504951243918378,0.5818967579291258,0.5888119329197804,0.5809655524442869,0.5908083145495582,0.5712690209747917,0.5872951117506447,0.5658536104819821,0.5149138677206762,0.501901675514747,0.5413936575117319,0.49492834277001824,0.5444819284853497,0.5471529483226878,0.5481673872846528,0.5496545654478336,0.5423524235708028,0.536043330103785,0.552013324334859,0.5602070489693337,0.5373357544325601,0.5514720290474089,0.5422484140135987,0.5538590380024522,0.17148603406422358,0.15966938022971897,0.17609441852976493,0.27851878305539957,0.37029189032956344,0.6510957366828384,0.6279771237046933,0.4264586998529218,0.5091383757811946,0.534089980419097,0.5414559181566375,0.5475482353245567,0.5319495441629488,0.09250224052793089,0.09467482937059739,0.09323511975400772,0.08773184357140532,0.1493288209820228,2.6303036586263797,6.3571543088273605,6.055551727119383,6.540515391285403,6.882504407912436,0.5987596096321448,0.6253755890104219,0.638093601861883,0.6769448462585009
BO94,Kenya,Gazi,6041615.218674613,5318764.328610396,6320754.226003745,1837027.9139233923,151.05127638693324,0.6512548759261393,0.6279276284554051,0.4250233969518621,0.5016495225171921,0.46205916618274545,0.09698330063928355,0.4099273689689614,0.3986134055860284,0.40628715811186394,0.39237143724122403,0.41049336466677666,0.38423555099020484,0.4042768044698809,0.38058988142195516,0.5129517634342218,0.49392148270030917,0.5618763055879216,0.5476297823554344,0.5744811625053106,0.5593473479698037,0.5572270165337657,0.5838463013556874,0.4474898437511318,0.43314503565210755,0.4466732713511921,0.4454001404078334,0.5037421060761998,0.45912936211285305,0.5117270898692005,0.457568190468153,0.48691516770519233,0.578045068093695,0.4320631899087036,0.5906907003732269,0.43532267651566875,0.6141207861008391,0.49790798221454385,0.5195585040400763,0.5304197424368715,0.471084093273218,0.53490738697843,0.5136352070213053,0.5411044713785039,0.6061097561215261,0.5565559988307027,0.6155695177163937,0.5496573980952607,0.5816600917073644,0.5899616921926878,0.5805800680812142,0.5914503001667816,0.571000831230857,0.5883027144558411,0.5654900148809081,0.5151835482599837,0.5108004611642464,0.5378999445618065,0.49877709738738923,0.5435740573135897,0.5488385924914446,0.550890598946586,0.5503929726716997,0.5519818595695741,0.5442648446748215,0.5544290652144792,0.560136080402431,0.5430130710287268,0.5527507276013119,0.5458919600821565,0.553208804639709,0.19322121951086335,0.17889036259969587,0.18593640293379818,0.27872157626768257,0.37611143939688746,0.6512548759261393,0.6279276284554051,0.4250233969518621,0.5077759261667996,0.5318419711657103,0.5427502450882311,0.5485893814499132,0.5313723624316591,0.09403428421203948,0.09516618541205314,0.09570237110515853,0.08982484426056006,0.1475397707194548,2.658706013407774,6.185305911562027,5.968145682373176,6.325385633343559,6.674612741682049,0.594814694745699,0.6240340246279503,0.6386396990136785,0.6772896753153937
BP93,Kenya,Vanga,6563064.689828624,5557209.1562858885,5693829.296317222,1732485.849882813,152.9823602840037,0.6576234678296963,0.6339603337925268,0.42884253694550795,0.5062535625501171,0.4664236345672019,0.09796513103171814,0.40626131171303237,0.3947626384043776,0.4025404073082762,0.3883580390212035,0.40684621188094044,0.3805481565498301,0.4002783316023586,0.3771790738814437,0.5136631540380067,0.49439951955201566,0.5617661801074925,0.5475327637347613,0.5746343152887765,0.5593873274707525,0.5571179997204252,0.584425572527195,0.44827102746828196,0.43499133019523506,0.44817748890301856,0.4472516190144715,0.5082340117287145,0.46134608797298465,0.5163705384123395,0.46014936434189974,0.4922353523495433,0.5818620800429382,0.43307145146871573,0.5927429180288235,0.4368373656305727,0.6144514185099015,0.5000179933774046,0.5207474730697326,0.5326711668384584,0.4666947981421557,0.538266632736209,0.519161786962961,0.5476081599197611,0.6116080303774759,0.559702520058777,0.6209521467583209,0.5476882749005971,0.5822831592076941,0.5901861474466646,0.5809362308954016,0.5915806305213344,0.5712848517992173,0.5885002641487322,0.5659010520566765,0.5150272217365447,0.5140738549346565,0.5366534499125698,0.5011998155176127,0.5435344768362909,0.5494975997797149,0.5517613532859562,0.5508441921806166,0.55308324699196,0.5451577649598699,0.5543122434272653,0.5605857343141477,0.5437505860228727,0.553215184743103,0.5458105251162612,0.5531778506858708,0.2056938126038188,0.19433864237828183,0.19422947977618635,0.2746224911497323,0.3816829038775991,0.6576234678296963,0.6339603337925268,0.42884253694550795,0.5080834630423802,0.531620692511425,0.5437232688983584,0.5494380835937274,0.53627589499711,0.09429944965100244,0.09492275575520805,0.09494152671087647,0.08955303124369579,0.14824636949512354,2.6957528937491735,6.122363160537802,5.966217279713564,6.3165158622159625,6.678393532397379,0.6041026052639525,0.6329949522870544,0.6523497695235038,0.689543765360823
BQ92,Tanzania,Boma Subutuni,6637803.744203845,6172574.084599667,6400913.550200899,1601365.8873288727,152.48009327041544,0.654069579773687,0.630694852548069,0.42640515780658084,0.5036053509960596,0.4640302401139073,0.09745215335440342,0.4029124893513035,0.39156983246697863,0.39922458352591605,0.3853743494840556,0.4035048120874732,0.37808529541985947,0.3969133167782994,0.3751662945344273,0.5138637336627999,0.4951256991332288,0.5613805725201342,0.5474625740502057,0.5744578071555819,0.559715105930329,0.5568666786497043,0.5843694569372553,0.4486904481447068,0.4364260171056605,0.450133369903028,0.45007790615720594,0.5129101840621567,0.4637937776992399,0.5222655319405893,0.46351362479446834,0.49535618199957815,0.5789202072487034,0.43360776928255934,0.589036837776963,0.4367384464754322,0.6100295824894536,0.49943724416450486,0.517708802680356,0.53274527224711,0.4628293767717522,0.538735327633314,0.5203035455977669,0.5489369142895346,0.6128009888681907,0.560082473801199,0.6224301536746877,0.5447838602354107,0.5820852639590952,0.5895235848841165,0.5806639452588813,0.5908735759283247,0.5710108921275168,0.587813870398905,0.5655294264573469,0.5151914566161152,0.5182802143591159,0.5357011684807267,0.504361126867647,0.5435951265207157,0.5501888975571118,0.5525374007825433,0.5513499812705192,0.5533173367906032,0.5456160156139555,0.5548623254259565,0.5613106206155619,0.5442845655723532,0.5534968511702175,0.5464304507218777,0.5529550287329673,0.2092128633737107,0.20026631709855972,0.19718395545096612,0.26602596396978073,0.3812583621308604,0.654069579773687,0.630694852548069,0.42640515780658084,0.5082404538525147,0.5314385711144008,0.5442553212927586,0.5499918696893878,0.533482376983904,0.09572778002995574,0.09516610255639643,0.09567342304116642,0.09044528128103929,0.14707053671298942,2.6896473402857897,5.997409782080804,5.939833444604856,6.227069584301672,6.598886932538773,0.6004713395246807,0.630636391954588,0.6499920173803844,0.6865550739378741
BQ92,Tanzania,Moa,6637803.744203845,6172574.084599667,6400913.550200899,1601365.8873288727,152.48009327041544,0.654069579773687,0.630694852548069,0.42640515780658084,0.5036053509960596,0.4640302401139073,0.09745215335440342,0.4029124893513035,0.39156983246697863,0.39922458352591605,0.3853743494840556,0.4035048120874732,0.37808529541985947,0.3969133167782994,0.3751662945344273,0.5138637336627999,0.4951256991332288,0.5613805725201342,0.5474625740502057,0.5744578071555819,0.559715105930329,0.5568666786497043,0.5843694569372553,0.4486904481447068,0.4364260171056605,0.450133369903028,0.45007790615720594,0.5129101840621567,0.4637937776992399,0.5222655319405893,0.46351362479446834,0.49535618199957815,0.5789202072487034,0.43360776928255934,0.589036837776963,0.4367384464754322,0.6100295824894536,0.49943724416450486,0.517708802680356,0.53274527224711,0.4628293767717522,0.538735327633314,0.5203035455977669,0.5489369142895346,0.6128009888681907,0.560082473801199,0.6224301536746877,0.5447838602354107,0.5820852639590952,0.5895235848841165,0.5806639452588813,0.5908735759283247,0.5710108921275168,0.587813870398905,0.5655294264573469,0.5151914566161152,0.5182802143591159,0.5357011684807267,0.504361126867647,0.5435951265207157,0.5501888975571118,0.5525374007825433,0.5513499812705192,0.5533173367906032,0.5456160156139555,0.5548623254259565,0.5613106206155619,0.5442845655723532,0.5534968511702175,0.5464304507218777,0.5529550287329673,0.2092128633737107,0.20026631709855972,0.19718395545096612,0.26602596396978073,0.3812583621308604,0.654069579773687,0.630694852548069,0.42640515780658084,0.5082404538525147,0.5314385711144008,0.5442553212927586,0.5499918696893878,0.533482376983904,0.09572778002995574,0.09516610255639643,0.09567342304116642,0.09044528128103929,0.14707053671298942,2.6896473402857897,5.997409782080804,5.939833444604856,6.227069584301672,6.598886932538773,0.6004713395246807,0.630636391954588,0.6499920173803844,0.6865550739378741
BQ92,Tanzania,Mwandusi,6637803.744203845,6172574.084599667,6400913.550200899,1601365.8873288727,152.48009327041544,0.654069579773687,0.630694852548069,0.42640515780658084,0.5036053509960596,0.4640302401139073,0.09745215335440342,0.4029124893513035,0.39156983246697863,0.39922458352591605,0.3853743494840556,0.4035048120874732,0.37808529541985947,0.3969133167782994,0.3751662945344273,0.5138637336627999,0.4951256991332288,0.5613805725201342,0.5474625740502057,0.5744578071555819,0.559715105930329,0.5568666786497043,0.5843694569372553,0.4486904481447068,0.4364260171056605,0.450133369903028,0.45007790615720594,0.5129101840621567,0.4637937776992399,0.5222655319405893,0.46351362479446834,0.49535618199957815,0.5789202072487034,0.43360776928255934,0.589036837776963,0.4367384464754322,0.6100295824894536,0.49943724416450486,0.517708802680356,0.53274527224711,0.4628293767717522,0.538735327633314,0.5203035455977669,0.5489369142895346,0.6128009888681907,0.560082473801199,0.6224301536746877,0.5447838602354107,0.5820852639590952,0.5895235848841165,0.5806639452588813,0.5908735759283247,0.5710108921275168,0.587813870398905,0.5655294264573469,0.5151914566161152,0.5182802143591159,0.5357011684807267,0.504361126867647,0.5435951265207157,0.5501888975571118,0.5525374007825433,0.5513499812705192,0.5533173367906032,0.5456160156139555,0.5548623254259565,0.5613106206155619,0.5442845655723532,0.5534968511702175,0.5464304507218777,0.5529550287329673,0.2092128633737107,0.20026631709855972,0.19718395545096612,0.26602596396978073,0.3812583621308604,0.654069579773687,0.630694852548069,0.42640515780658084,0.5082404538525147,0.5314385711144008,0.5442553212927586,0.5499918696893878,0.533482376983904,0.09572778002995574,0.09516610255639643,0.09567342304116642,0.09044528128103929,0.14707053671298942,2.6896473402857897,5.997409782080804,5.939833444604856,6.227069584301672,6.598886932538773,0.6004713395246807,0.630636391954588,0.6499920173803844,0.6865550739378741
BQ92,Tanzania,Ndumbani,6637803.744203845,6172574.084599667,6400913.550200899,1601365.8873288727,152.48009327041544,0.654069579773687,0.630694852548069,0.42640515780658084,0.5036053509960596,0.4640302401139073,0.09745215335440342,0.4029124893513035,0.39156983246697863,0.39922458352591605,0.3853743494840556,0.4035048120874732,0.37808529541985947,0.3969133167782994,0.3751662945344273,0.5138637336627999,0.4951256991332288,0.5613805725201342,0.5474625740502057,0.5744578071555819,0.559715105930329,0.5568666786497043,0.5843694569372553,0.4486904481447068,0.4364260171056605,0.450133369903028,0.45007790615720594,0.5129101840621567,0.4637937776992399,0.5222655319405893,0.46351362479446834,0.49535618199957815,0.5789202072487034,0.43360776928255934,0.589036837776963,0.4367384464754322,0.6100295824894536,0.49943724416450486,0.517708802680356,0.53274527224711,0.4628293767717522,0.538735327633314,0.5203035455977669,0.5489369142895346,0.6128009888681907,0.560082473801199,0.6224301536746877,0.5447838602354107,0.5820852639590952,0.5895235848841165,0.5806639452588813,0.5908735759283247,0.5710108921275168,0.587813870398905,0.5655294264573469,0.5151914566161152,0.5182802143591159,0.5357011684807267,0.504361126867647,0.5435951265207157,0.5501888975571118,0.5525374007825433,0.5513499812705192,0.5533173367906032,0.5456160156139555,0.5548623254259565,0.5613106206155619,0.5442845655723532,0.5534968511702175,0.5464304507218777,0.5529550287329673,0.2092128633737107,0.20026631709855972,0.19718395545096612,0.26602596396978073,0.3812583621308604,0.654069579773687,0.630694852548069,0.42640515780658084,0.5082404538525147,0.5314385711144008,0.5442553212927586,0.5499918696893878,0.533482376983904,0.09572778002995574,0.09516610255639643,0.09567342304116642,0.09044528128103929,0.14707053671298942,2.6896473402857897,5.997409782080804,5.939833444604856,6.227069584301672,6.598886932538773,0.6004713395246807,0.630636391954588,0.6499920173803844,0.6865550739378741
BR92,Tanzania,Kwale,6581443.974703746,5963905.913712723,6298497.425194585,1459401.072551238,155.53905562530363,0.6658645013362708,0.6418272550352063,0.4337704177367691,0.512293815044408,0.47215540998715,0.09924607198814048,0.40080560260177384,0.3893510986098342,0.3970458186316551,0.3833580124928606,0.4012521036140136,0.3763947401523529,0.39471611194883943,0.37381731541340646,0.5139671766476052,0.49531230463549486,0.561377510834247,0.5470863661386545,0.5744374271042426,0.5600579719491853,0.556885666665059,0.584473608756827,0.44798398294642516,0.43613238503533,0.4520094803857261,0.45176020675136813,0.5158992350571314,0.464835624179858,0.5266084546973635,0.4647342855420414,0.4927115756258088,0.5803463092678222,0.43187404903280685,0.5881778017129358,0.43469478821552404,0.6097203436688423,0.4983156458766367,0.5163459806260015,0.5320882924515052,0.4590616870018408,0.5390723233365016,0.5207747740388932,0.5494971673427224,0.6139540183639428,0.5601515617158482,0.6231606987427816,0.5412942425011679,0.5822021131515402,0.5895465059337989,0.580644086838299,0.5908592041024228,0.571036931982657,0.587815683276911,0.5655396055925936,0.5155658715989523,0.5196142682421939,0.5345396395439413,0.505794035428459,0.543056165656808,0.5503125051207406,0.5525765454040992,0.5514190595487907,0.5566590747146825,0.5491991651664282,0.5576597412369177,0.5630352113959207,0.5480945058105325,0.5544092040567281,0.5505132863159555,0.553775265627989,0.21335175143839924,0.20373457135008438,0.19929131588206475,0.2568346040806552,0.38931452197671185,0.6658645013362708,0.6418272550352063,0.4337704177367691,0.5075832686268422,0.5315242786725184,0.5449171166226177,0.550403327975201,0.5427900662290708,0.09574548960648498,0.09536182731469556,0.09603258954267557,0.09037906197168205,0.1491399888493186,2.7454983676772247,5.977280223009152,5.91806697192231,6.180768842601937,6.603676731087931,0.611582691120958,0.6436439055048293,0.6641847025887093,0.7015924555026257
BR94,Tanzania,Mtambwe,7436738.644536031,6295450.7151226625,6634588.459374806,1377361.9836621452,162.16919162299897,0.6940187062649659,0.668361794370698,0.45164546050250665,0.5332591755740429,0.49157409847118844,0.10343084802926357,0.4022752573760254,0.3902265915149314,0.3984512783898122,0.3840076415721565,0.40249188082313253,0.37646823236918986,0.39615086834875635,0.37397033850127287,0.5138289541360244,0.4946588973036363,0.5617836587297745,0.5465897226340837,0.5747041158219659,0.560020662786479,0.5571549579870018,0.5849250955454073,0.4469479579256405,0.43386452234870815,0.4514382851338959,0.4494278922808432,0.5114871168736225,0.4625560651333859,0.5213680883651145,0.4613308732262928,0.4828656402492052,0.5913584311932538,0.42756262113162263,0.5967947923631055,0.43103806936240824,0.6201360434064502,0.4982531688487897,0.5228034892770159,0.5328040744728764,0.4575463240907229,0.5395468303097517,0.5215474390304384,0.5501075610743238,0.6150349159272815,0.5602979716412994,0.6233881858713666,0.5427472747177537,0.5829671260784921,0.5906458275380099,0.5810120878369688,0.5918500777731586,0.5714664169388836,0.5887758972468414,0.5660820580677326,0.5160006712265992,0.5129396757958962,0.5334805462079796,0.5029984318162365,0.5407373926239247,0.5487464230907138,0.5510563412900771,0.5500213904063032,0.5613719048294447,0.5532666154543219,0.5600518082182168,0.5645818463804816,0.5524936990169323,0.5550201807945854,0.5548918267449929,0.5548641569399578,0.22960266534768914,0.21271793956962912,0.20683417748771843,0.2438142201313502,0.4054653594738435,0.6940187062649659,0.668361794370698,0.45164546050250665,0.5074497991200378,0.5317829103655178,0.5442255374834414,0.5500392233790182,0.5651091048644866,0.09423571649565775,0.09561595953947172,0.09564469990963674,0.08946833889779206,0.15508530032815013,2.8609117627886462,6.084462423913355,5.898394653744275,6.204467369928942,6.6747052582157105,0.6409457961870644,0.6711811064928959,0.6937494649109114,0.7333085014425933
BR94,Tanzania,Gando,7436738.644536031,6295450.7151226625,6634588.459374806,1377361.9836621452,162.16919162299897,0.6940187062649659,0.668361794370698,0.45164546050250665,0.5332591755740429,0.49157409847118844,0.10343084802926357,0.4022752573760254,0.3902265915149314,0.3984512783898122,0.3840076415721565,0.40249188082313253,0.37646823236918986,0.39615086834875635,0.37397033850127287,0.5138289541360244,0.4946588973036363,0.5617836587297745,0.5465897226340837,0.5747041158219659,0.560020662786479,0.5571549579870018,0.5849250955454073,0.4469479579256405,0.43386452234870815,0.4514382851338959,0.4494278922808432,0.5114871168736225,0.4625560651333859,0.5213680883651145,0.4613308732262928,0.4828656402492052,0.5913584311932538,0.42756262113162263,0.5967947923631055,0.43103806936240824,0.6201360434064502,0.4982531688487897,0.5228034892770159,0.5328040744728764,0.4575463240907229,0.5395468303097517,0.5215474390304384,0.5501075610743238,0.6150349159272815,0.5602979716412994,0.6233881858713666,0.5427472747177537,0.5829671260784921,0.5906458275380099,0.5810120878369688,0.5918500777731586,0.5714664169388836,0.5887758972468414,0.5660820580677326,0.5160006712265992,0.5129396757958962,0.5334805462079796,0.5029984318162365,0.5407373926239247,0.5487464230907138,0.5510563412900771,0.5500213904063032,0.5613719048294447,0.5532666154543219,0.5600518082182168,0.5645818463804816,0.5524936990169323,0.5550201807945854,0.5548918267449929,0.5548641569399578,0.22960266534768914,0.21271793956962912,0.20683417748771843,0.2438142201313502,0.4054653594738435,0.6940187062649659,0.668361794370698,0.45164546050250665,0.5074497991200378,0.5317829103655178,0.5442255374834414,0.5500392233790182,0.5651091048644866,0.09423571649565775,0.09561595953947172,0.09564469990963674,0.08946833889779206,0.15508530032815013,2.8609117627886462,6.084462423913355,5.898394653744275,6.204467369928942,6.6747052582157105,0.6409457961870644,0.6711811064928959,0.6937494649109114,0.7333085014425933
BR95,Tanzania,Kangagani,7527101.007538694,6034252.34550472,6064789.969904544,1348180.3735537515,162.5781371538989,0.6960642740038661,0.670386931438426,0.4529882236840628,0.5350337556347667,0.4931293618075432,0.10370703707208957,0.40257838464121853,0.3905333272511847,0.3988664561246308,0.3845275982268436,0.40254021899701103,0.37679284251595574,0.3967112117202379,0.374586187417346,0.5138533434570106,0.4948686937899896,0.5616209973541999,0.5455797880483868,0.574874428010593,0.5605698909282849,0.5572089868048706,0.584854968494978,0.44622148324246036,0.4329267045764745,0.4524774282233707,0.44964712415411817,0.5099297425888897,0.4619991513271885,0.5221042500811205,0.46068798489659896,0.47906064109472357,0.5914861197099935,0.42592191282412617,0.5968930819736926,0.42912847008779714,0.6215716890739975,0.4968661983733823,0.5242029960774984,0.5323728991370085,0.4581500474173005,0.5392062385006955,0.522118400969608,0.5504552256179341,0.6160437734502502,0.5588586163293549,0.623221248408582,0.5435997141262687,0.583006774811087,0.5903823928480311,0.5807355157075619,0.591301214577709,0.5713337659091724,0.5885159336680971,0.565870272360352,0.5167599928401697,0.5103567735315703,0.5332710303654409,0.5025033052656477,0.5397585247408961,0.547963688382565,0.5506259516182841,0.5492316318539252,0.563009839073255,0.5546079485843483,0.5616536228109897,0.5649647055939281,0.554424625215644,0.5547434295823007,0.5568194933869547,0.5547203266991487,0.22021415743357906,0.20158740443429873,0.198758179853871,0.23066340494012827,0.406690706810458,0.6960642740038661,0.670386931438426,0.4529882236840628,0.5077008805907917,0.5318190191779764,0.5440629129165301,0.5496168356904424,0.5670110539023417,0.09473469095986811,0.09614485338089625,0.09645129243695937,0.08968083208692489,0.1557143395611086,2.8682273118437385,6.063403644571611,5.86828291183706,6.149726117396427,6.6644034284164535,0.6418545352951431,0.6718795898093581,0.6929863916681843,0.7342259429911369
BR95,Tanzania,Mjini Kiuyu,7527101.007538694,6034252.34550472,6064789.969904544,1348180.3735537515,162.5781371538989,0.6960642740038661,0.670386931438426,0.4529882236840628,0.5350337556347667,0.4931293618075432,0.10370703707208957,0.40257838464121853,0.3905333272511847,0.3988664561246308,0.3845275982268436,0.40254021899701103,0.37679284251595574,0.3967112117202379,0.374586187417346,0.5138533434570106,0.4948686937899896,0.5616209973541999,0.5455797880483868,0.574874428010593,0.5605698909282849,0.5572089868048706,0.584854968494978,0.44622148324246036,0.4329267045764745,0.4524774282233707,0.44964712415411817,0.5099297425888897,0.4619991513271885,0.5221042500811205,0.46068798489659896,0.47906064109472357,0.5914861197099935,0.42592191282412617,0.5968930819736926,0.42912847008779714,0.6215716890739975,0.4968661983733823,0.5242029960774984,0.5323728991370085,0.4581500474173005,0.5392062385006955,0.522118400969608,0.5504552256179341,0.6160437734502502,0.5588586163293549,0.623221248408582,0.5435997141262687,0.583006774811087,0.5903823928480311,0.5807355157075619,0.591301214577709,0.5713337659091724,0.5885159336680971,0.565870272360352,0.5167599928401697,0.5103567735315703,0.5332710303654409,0.5025033052656477,0.5397585247408961,0.547963688382565,0.5506259516182841,0.5492316318539252,0.563009839073255,0.5546079485843483,0.5616536228109897,0.5649647055939281,0.554424625215644,0.5547434295823007,0.5568194933869547,0.5547203266991487,0.22021415743357906,0.20158740443429873,0.198758179853871,0.23066340494012827,0.406690706810458,0.6960642740038661,0.670386931438426,0.4529882236840628,0.5077008805907917,0.5318190191779764,0.5440629129165301,0.5496168356904424,0.5670110539023417,0.09473469095986811,0.09614485338089625,0.09645129243695937,0.08968083208692489,0.1557143395611086,2.8682273118437385,6.063403644571611,5.86828291183706,6.149726117396427,6.6644034284164535,0.6418545352951431,0.6718795898093581,0.6929863916681843,0.7342259429911369
BR95,Tanzania,Selemu,7527101.007538694,6034252.34550472,6064789.969904544,1348180.3735537515,162.5781371538989,0.6960642740038661,0.670386931438426,0.4529882236840628,0.5350337556347667,0.4931293618075432,0.10370703707208957,0.40257838464121853,0.3905333272511847,0.3988664561246308,0.3845275982268436,0.40254021899701103,0.37679284251595574,0.3967112117202379,0.374586187417346,0.5138533434570106,0.4948686937899896,0.5616209973541999,0.5455797880483868,0.574874428010593,0.5605698909282849,0.5572089868048706,0.584854968494978,0.44622148324246036,0.4329267045764745,0.4524774282233707,0.44964712415411817,0.5099297425888897,0.4619991513271885,0.5221042500811205,0.46068798489659896,0.47906064109472357,0.5914861197099935,0.42592191282412617,0.5968930819736926,0.42912847008779714,0.6215716890739975,0.4968661983733823,0.5242029960774984,0.5323728991370085,0.4581500474173005,0.5392062385006955,0.522118400969608,0.5504552256179341,0.6160437734502502,0.5588586163293549,0.623221248408582,0.5435997141262687,0.583006774811087,0.5903823928480311,0.5807355157075619,0.591301214577709,0.5713337659091724,0.5885159336680971,0.565870272360352,0.5167599928401697,0.5103567735315703,0.5332710303654409,0.5025033052656477,0.5397585247408961,0.547963688382565,0.5506259516182841,0.5492316318539252,0.563009839073255,0.5546079485843483,0.5616536228109897,0.5649647055939281,0.554424625215644,0.5547434295823007,0.5568194933869547,0.5547203266991487,0.22021415743357906,0.20158740443429873,0.198758179853871,0.23066340494012827,0.406690706810458,0.6960642740038661,0.670386931438426,0.4529882236840628,0.5077008805907917,0.5318190191779764,0.5440629129165301,0.5496168356904424,0.5670110539023417,0.09473469095986811,0.09614485338089625,0.09645129243695937,0.08968083208692489,0.1557143395611086,2.8682273118437385,6.063403644571611,5.86828291183706,6.149726117396427,6.6644034284164535,0.6418545352951431,0.6718795898093581,0.6929863916681843,0.7342259429911369
DC127,Madagascar,Lagnamena,3642386.9527244177,5949250.940843325,9484449.856379736,1534876.2223864722,170.30611020042656,0.6799687507968855,0.6457473042256078,0.4144509960320544,0.5238177005792405,0.4788725695386769,0.09617569854629866,0.40631366367786453,0.3988493229170027,0.40349608185109126,0.3980609069864111,0.4018215952901209,0.39526181030133234,0.4056879119927615,0.40166605627660124,0.50758255074241,0.5143510190146724,0.5531306564440069,0.5233520420376114,0.5723336506514574,0.5807522928282612,0.5546100398445134,0.5753410315186449,0.464388755150885,0.4576625054404964,0.4814059667073694,0.479990333341029,0.4996182590460713,0.48099254642245154,0.5515651556192638,0.483904098726268,0.3597758091608037,0.5111970203362459,0.36927493779578496,0.5299249395622747,0.3373637946183886,0.5623411863654786,0.4138502305143847,0.46433135970246764,0.4577719431237473,0.5164277346589486,0.503229141557556,0.4928445978211503,0.5101471054992958,0.5845590932442057,0.5263072636630054,0.6074171062952292,0.5393944538470065,0.5671983923715002,0.5727250360692255,0.5686075132403849,0.5710574936723617,0.5608023945269206,0.5685024803881495,0.5502867139079748,0.530244450512972,0.5593492546711996,0.5330556309475741,0.5409354236742804,0.5406496254101733,0.5585304105474158,0.5544296393953767,0.5533469244692701,0.615082017275915,0.5944031451978916,0.6007457106245131,0.5707392581038717,0.595711221035756,0.5511429382691745,0.5894281902388996,0.5463850291742869,0.17091852931005017,0.1680665751435898,0.21330843997231325,0.28305361892095965,0.47124390151982537,0.6799687507968855,0.6457473042256078,0.4144509960320544,0.504662838240073,0.5261132223205577,0.5336245163694523,0.5449397194802633,0.5687424650933399,0.12163598354896991,0.1049414259921446,0.1162118931023253,0.10204323681718445,0.14293111506021652,3.0324867910141586,4.494670798732579,5.259647420521617,4.894805523690885,5.76564488363581,0.594523742766731,0.6802079362160761,0.6591373510281903,0.7350026290997854
DC128,Madagascar,Maromanjo,3826796.747106453,6628681.425278988,8623879.440226793,1599424.6801241983,164.41051179871573,0.6577018203133109,0.6250927011625916,0.4016695001411482,0.5070059499302906,0.46352287480933146,0.09314301644300821,0.40800652215258354,0.40083090279917416,0.4052160358012935,0.4003548790690191,0.4033694806798053,0.3980968537635274,0.407511016100468,0.40474457558588656,0.5103558634655246,0.5141323128783981,0.5525145851997341,0.5241594866903576,0.571293908567376,0.5806170142885657,0.5549561081542758,0.5733865682113887,0.4644064857364548,0.4589659327571197,0.47971434339407376,0.4793137421390573,0.49757843541171454,0.4814838692335592,0.5505587129301268,0.48552477611190387,0.35346996696960353,0.5093747748324332,0.366752932017039,0.5269449476892129,0.33442874072474227,0.555837559910204,0.40998746241331324,0.45888516711338384,0.4511760138496136,0.5109497520783176,0.5005440028748035,0.4875985768193835,0.5090113881455448,0.581730796921735,0.5244166599364041,0.604779448318521,0.5380210865710247,0.5663362079666621,0.5715891608535245,0.5678838290493649,0.5701469715596433,0.5603219204130202,0.5674044424023509,0.5494154928411805,0.5300967359973655,0.5611846979933894,0.5329016994881942,0.5412864324229175,0.5405256864488782,0.5589636514406243,0.5547227532414735,0.5535089612146552,0.6126790403282302,0.5936640578666948,0.6002551552576072,0.5703451562373566,0.5943141354503095,0.5507186290922574,0.5881732563457682,0.5458175086544358,0.17360231603296009,0.1752445237448124,0.20817117988429218,0.2901375714637102,0.4551093863909078,0.6577018203133109,0.6250927011625916,0.4016695001411482,0.5050154725966125,0.5251847209403909,0.53311397319746745,0.5444044952032685,0.5503360655235855,0.12300988963539265,0.10527224634165916,0.11663631494708233,0.10282288455110845,0.13867322727437317,2.9289201621691565,4.456582947372381,5.234901500198579,4.870435691127678,5.717364260135714,0.5734643994459231,0.6545394684065184,0.6347184261234919,0.7065344224767233
DH123,Madagascar,Andranoboka,2897234.804989664,3991779.378375926,11916323.084079027,1641453.5529897506,169.8675431204304,0.6809947042005857,0.6486131480744176,0.4174754606993927,0.526342966493273,0.4811247921495381,0.09652121988597254,0.406528967779093,0.4001847543249108,0.4038173880018075,0.39894161782159226,0.401853251737538,0.39574784000895424,0.40590984414252546,0.40337862444599243,0.5101787407123851,0.514955297996369,0.5535008573825638,0.52932228515194,0.5723890173076024,0.5817607005891866,0.5567241522596137,0.5762843472436172,0.47785934833393195,0.46895548954890653,0.5052062477962393,0.500436694092102,0.5198058138107813,0.49179202985150805,0.5647095264176821,0.48734570579724146,0.3662057857354883,0.49703235005023266,0.371507690939866,0.5237319639579087,0.33176059702430993,0.5677331796100935,0.41510378537541537,0.47320693972595607,0.4586082286095379,0.5052021867421206,0.5078863152714219,0.4822882960870165,0.5051995244272962,0.5779810773604549,0.5125373578830755,0.5983704827225035,0.5400402343460042,0.5677190860322789,0.5763623261589153,0.5697396113370445,0.5732554180281458,0.5618253729550368,0.5701158889214186,0.5508885795121163,0.5350691134498501,0.5459772845765538,0.5397561162603445,0.5389132748781408,0.5459410149168235,0.5565631917083593,0.559213959884966,0.5527981757248107,0.6151655065762559,0.5954910036242101,0.5997118868520521,0.5698352926487895,0.5959423224434868,0.550632324777341,0.590395953892624,0.5453680108516081,0.13547185935430714,0.12580124107687815,0.23179163248317855,0.28891728291355284,0.45902402654181745,0.6809947042005857,0.6486131480744176,0.4174754606993927,0.5058701094324554,0.5314828383299957,0.5369962648994736,0.547638879847963,0.5641487313587139,0.12195582344567524,0.10739484217039766,0.12160128069660664,0.10517862393843382,0.14426440691162573,2.991095622439488,4.509932999102741,5.2096843056818924,4.789489074710107,5.624540189249935,0.5816259905168834,0.669983752202285,0.6424350445245081,0.7134039076093661
DH124,Madagascar,Besakoa,2927564.1899535973,4140540.656500674,8664943.720406838,1690932.0006133632,168.33059355253394,0.6751692411734509,0.643116956617269,0.4140764619836507,0.5218199247188616,0.4770106172158681,0.09575652641999177,0.4098017317266392,0.40417802254834906,0.4069106567016533,0.40296079211803887,0.40472392919655215,0.4002646486487049,0.4090943745128192,0.40858044518723613,0.5113717349615052,0.5153763024507715,0.5531771844736578,0.5293843973406425,0.5719482146983053,0.5820967226942118,0.5559110262637271,0.5754686745762225,0.4824431414579621,0.4742797117754312,0.5095503674503454,0.5073585791724864,0.524308818711004,0.4968650801926413,0.5673805618910511,0.49004829209171547,0.3626173953308981,0.4949344478045267,0.3700718099238248,0.5236527128530717,0.326512901529093,0.5622945815130284,0.41324672796206974,0.47389645681475306,0.45865705068040613,0.5043463694546572,0.504863884732636,0.484857250163405,0.5085973906282785,0.578279694625785,0.5167497868924378,0.6007574252770668,0.5388269724917579,0.5672969593380641,0.5744686187047936,0.5687440349170049,0.5718754915095952,0.561187568896014,0.5685422361208508,0.5502601593169734,0.5349731182563471,0.54624727498201,0.5394320491141484,0.5388515940430578,0.54575818396003,0.55678509154847,0.5593145640841858,0.5528679299544824,0.6126259244812372,0.5939490000473504,0.5984205665439053,0.5690317287177877,0.5943852441694006,0.5500175648003499,0.5890508549692465,0.5444750922454619,0.13494817844914664,0.1276845500701598,0.22385324876132337,0.2927948979222924,0.45565011950075573,0.6751692411734509,0.643116956617269,0.4140764619836507,0.5089139528335532,0.5315630349614432,0.5379273626288329,0.5478299390423463,0.5597590472200332,0.1239679300406409,0.10814987731403365,0.12323208814665204,0.10531388243328589,0.14313445317232323,2.9667841341645276,4.460501270184493,5.178910879190489,4.734513287240988,5.607407503884299,0.5777389510665013,0.6618394922115556,0.633660111699123,0.7071385523766485
DH124,Madagascar,Tsinjoarivo,2927564.1899535973,4140540.656500674,8664943.720406838,1690932.0006133632,168.33059355253394,0.6751692411734509,0.643116956617269,0.4140764619836507,0.5218199247188616,0.4770106172158681,0.09575652641999177,0.4098017317266392,0.40417802254834906,0.4069106567016533,0.40296079211803887,0.40472392919655215,0.4002646486487049,0.4090943745128192,0.40858044518723613,0.5113717349615052,0.5153763024507715,0.5531771844736578,0.5293843973406425,0.5719482146983053,0.5820967226942118,0.5559110262637271,0.5754686745762225,0.4824431414579621,0.4742797117754312,0.5095503674503454,0.5073585791724864,0.524308818711004,0.4968650801926413,0.5673805618910511,0.49004829209171547,0.3626173953308981,0.4949344478045267,0.3700718099238248,0.5236527128530717,0.326512901529093,0.5622945815130284,0.41324672796206974,0.47389645681475306,0.45865705068040613,0.5043463694546572,0.504863884732636,0.484857250163405,0.5085973906282785,0.578279694625785,0.5167497868924378,0.6007574252770668,0.5388269724917579,0.5672969593380641,0.5744686187047936,0.5687440349170049,0.5718754915095952,0.561187568896014,0.5685422361208508,0.5502601593169734,0.5349731182563471,0.54624727498201,0.5394320491141484,0.5388515940430578,0.54575818396003,0.55678509154847,0.5593145640841858,0.5528679299544824,0.6126259244812372,0.5939490000473504,0.5984205665439053,0.5690317287177877,0.5943852441694006,0.5500175648003499,0.5890508549692465,0.5444750922454619,0.13494817844914664,0.1276845500701598,0.22385324876132337,0.2927948979222924,0.45565011950075573,0.6751692411734509,0.643116956617269,0.4140764619836507,0.5089139528335532,0.5315630349614432,0.5379273626288329,0.5478299390423463,0.5597590472200332,0.1239679300406409,0.10814987731403365,0.12323208814665204,0.10531388243328589,0.14313445317232323,2.9667841341645276,4.460501270184493,5.178910879190489,4.734513287240988,5.607407503884299,0.5777389510665013,0.6618394922115556,0.633660111699123,0.7071385523766485
DH125,Madagascar,Antafiatambalaka,3001389.7366793575,4343853.879122111,11564905.310817702,1734032.55786442,165.1960619848343,0.6638728662373485,0.6327832153544991,0.40790493473527495,0.5133658961101087,0.46931409850774713,0.0942754047989742,0.4060165843191606,0.3999352666073922,0.4030035356629958,0.39882257686464395,0.4014339838862494,0.3962695391510731,0.40517307472553293,0.40387764889494565,0.5116686504610013,0.5147858342328663,0.5530641020855077,0.5291341675154764,0.5714632713187958,0.5807471312160017,0.5553115226948926,0.575386485906514,0.4773546949706161,0.46951935585063526,0.5012227883267605,0.499395771153459,0.5182023814728048,0.492299036336675,0.5618194583955508,0.48726002703855237,0.3659081879681177,0.4986250696885546,0.3718650034363988,0.5240378508425925,0.3317698974202175,0.5608918073134948,0.4164502815558784,0.4729968957448602,0.46009010358542757,0.5024645660004472,0.5048250593760676,0.4864376410135901,0.5107492612156211,0.5795664974608824,0.5201091684830405,0.6018734556256503,0.5371556247471115,0.5670868811578627,0.5740630199077055,0.5687011603062904,0.5717147347595549,0.5611129026834528,0.5685891891402215,0.5503732773442185,0.5343241366928021,0.5467409687059538,0.5386555610500747,0.5386113560244823,0.5450748646788461,0.5568644029939612,0.5588310594065252,0.5527533840317581,0.6087311692626218,0.5918055099861587,0.5968132503337452,0.5678980522186253,0.5922898542742077,0.5489837888767569,0.5874158456990911,0.5432852328400182,0.1370926238412882,0.13179369299152724,0.21838216941346045,0.29448404263017486,0.4463251033484774,0.6638728662373485,0.6327832153544991,0.40790493473527495,0.5074101205328592,0.5302549514284248,0.5372030330792614,0.5471144827725074,0.5500746514364288,0.12203932783697778,0.10708146738464522,0.12085410390437779,0.10414915691236984,0.1412108911781138,2.908413216419896,4.526954291793051,5.219676915234179,4.806484200446748,5.670188799171075,0.5702474402093184,0.6492058388567028,0.6276297592026503,0.6964013760565859
DI123,Madagascar,Analanabe,2911684.3223969596,3996593.9265639405,10967411.735376265,1647680.9643600371,169.13769267434265,0.6797877501073499,0.648273328737618,0.4179873996173139,0.5260323887138286,0.48085137246374865,0.09651424733142228,0.4085410417112989,0.40271943471172233,0.405897733429913,0.4015781865837094,0.40359855018094487,0.3984412860975959,0.40801832974841834,0.4068836243546107,0.5116744718649724,0.5151143290673279,0.5529807082556583,0.529266151070202,0.5715548768623999,0.5821251953765613,0.5552633313554312,0.5757717671336432,0.4836980611661552,0.4743648048135999,0.5119827111142883,0.5069320136229238,0.5246131341237285,0.4962528558337312,0.5700545737381085,0.49008130217363005,0.3626424157002211,0.4940034668717602,0.3713847387053268,0.5207737305007878,0.327334457377691,0.5658936559001659,0.4129789488172833,0.47265275739081924,0.45892511551084614,0.5039910938714327,0.5073745199034945,0.4823761761471342,0.5041876677615029,0.5780156746697742,0.5121638808826416,0.5984678783442305,0.5378381133712015,0.5666197791106161,0.575423554656257,0.5690475784844571,0.5724993160481857,0.5612994058510433,0.5695999972701524,0.5499901692864362,0.5348999919215376,0.5452993931542574,0.5397831674907682,0.5385810248842282,0.5456617171112345,0.5561920221433904,0.5592024374745889,0.5524669870335301,0.6135749607909663,0.5939113200748531,0.5982950611282835,0.5686934330657798,0.5943802131250495,0.5495768007010836,0.5890819149186491,0.5440908923323627,0.1323118305157563,0.12352901218470203,0.22677901054545757,0.2902330547024962,0.4554584794302816,0.6797877501073499,0.648273328737618,0.4179873996173139,0.5070909398498092,0.5315709940991242,0.5374413735218554,0.5475349461150689,0.5624839487402404,0.12242732416134164,0.1079632772479272,0.12308745397478077,0.10569703371171461,0.14454198732369625,2.9758251035467906,4.514574556723847,5.190363329068869,4.756679002206038,5.6053542627597315,0.5801062131476438,0.6642376027202878,0.6342762120139082,0.7069338230979364
ET70,Mozambique,Cumbane,1751028.0512925219,2024195.9098857841,3377476.2336093388,1763787.8660883852,96.27023101740726,0.4698932650327366,0.5679182655525155,0.4162439750288806,0.4555304125066137,0.4193966860093719,0.0745478002014891,0.35584682662333594,0.35003821923217215,0.3554351135042978,0.35028781751351606,0.35744281062294686,0.3472974835154318,0.3560537354859014,0.3490807239996457,0.5133390102931007,0.5081099214706187,0.551467815223784,0.5438447797863842,0.5655609303863456,0.5486842724913334,0.5480751018021661,0.5709787831039476,0.4903566098459563,0.4758530193073938,0.4969454125189763,0.4903437241354233,0.508457858126612,0.512351593119062,0.5482325025003155,0.5048277497739609,0.45871615020679857,0.5547286320936475,0.42508546927068686,0.619832869258082,0.3959595973438265,0.5725066447070205,0.4612446629203492,0.49721728272841853,0.49056763094258377,0.44088587539551105,0.5248465430627886,0.5152194762394979,0.5371751894107414,0.5897367042397935,0.5455835402776495,0.6049192277917027,0.5188035431136166,0.5667649704944497,0.5702824525828963,0.5704755534649476,0.5699796120939343,0.5612846083202264,0.5673568518950346,0.5531973854967751,0.5366729329973089,0.5012395276698719,0.5493912551084362,0.5269606199082324,0.5547633981542078,0.5473854613281219,0.5540472030942387,0.544247493958508,0.5579908285354425,0.5457392671378583,0.5520041940218063,0.5392917225373631,0.5516747460867044,0.514556079117406,0.5535832801559717,0.5027542512953987,0.06802332998783031,0.06402694584104357,0.0946213118049628,0.28943023441647897,0.2745956381439373,0.4698932650327366,0.5679182655525155,0.4162439750288806,0.5117538123405527,0.5332675511921757,0.5420871966813393,0.5449709160606422,0.4437104817001672,0.1016571790883749,0.10095821953952334,0.10664253422711635,0.09965180839718317,0.14552846037626682,2.0654958261432275,5.442257425640266,5.553481936898106,5.406161480881217,5.918330890045112,0.4356475222096762,0.4691383077115505,0.4697645743744384,0.4961405280593084
ET70,Mozambique,Mahilene,1751028.0512925219,2024195.9098857841,3377476.2336093388,1763787.8660883852,96.27023101740726,0.4698932650327366,0.5679182655525155,0.4162439750288806,0.4555304125066137,0.4193966860093719,0.0745478002014891,0.35584682662333594,0.35003821923217215,0.3554351135042978,0.35028781751351606,0.35744281062294686,0.3472974835154318,0.3560537354859014,0.3490807239996457,0.5133390102931007,0.5081099214706187,0.551467815223784,0.5438447797863842,0.5655609303863456,0.5486842724913334,0.5480751018021661,0.5709787831039476,0.4903566098459563,0.4758530193073938,0.4969454125189763,0.4903437241354233,0.508457858126612,0.512351593119062,0.5482325025003155,0.5048277497739609,0.45871615020679857,0.5547286320936475,0.42508546927068686,0.619832869258082,0.3959595973438265,0.5725066447070205,0.4612446629203492,0.49721728272841853,0.49056763094258377,0.44088587539551105,0.5248465430627886,0.5152194762394979,0.5371751894107414,0.5897367042397935,0.5455835402776495,0.6049192277917027,0.5188035431136166,0.5667649704944497,0.5702824525828963,0.5704755534649476,0.5699796120939343,0.5612846083202264,0.5673568518950346,0.5531973854967751,0.5366729329973089,0.5012395276698719,0.5493912551084362,0.5269606199082324,0.5547633981542078,0.5473854613281219,0.5540472030942387,0.544247493958508,0.5579908285354425,0.5457392671378583,0.5520041940218063,0.5392917225373631,0.5516747460867044,0.514556079117406,0.5535832801559717,0.5027542512953987,0.06802332998783031,0.06402694584104357,0.0946213118049628,0.28943023441647897,0.2745956381439373,0.4698932650327366,0.5679182655525155,0.4162439750288806,0.5117538123405527,0.5332675511921757,0.5420871966813393,0.5449709160606422,0.4437104817001672,0.1016571790883749,0.10095821953952334,0.10664253422711635,0.09965180839718317,0.14552846037626682,2.0654958261432275,5.442257425640266,5.553481936898106,5.406161480881217,5.918330890045112,0.4356475222096762,0.4691383077115505,0.4697645743744384,0.4961405280593084
EW66,Mozambique,Gazene,1570313.1130873326,1797934.0462624666,3613544.7721960465,1722047.1431653553,91.86395477839632,0.4586242338423271,0.5741420579160335,0.42617138323953213,0.45964697569846974,0.4238198612931468,0.07412035135364041,0.35080393133212157,0.3449926042373115,0.3505497176509022,0.3441492270429339,0.35231491616860305,0.3405469031996226,0.35086822682876073,0.34220932322309344,0.5126558259254022,0.5090013256105415,0.5493523658832661,0.5418419877145844,0.5643619490569913,0.5455540592945809,0.5470564389026238,0.5697767473313463,0.4920211880643525,0.48341868440525937,0.5035164908621509,0.4920226348640136,0.5096613966819055,0.5045137153652874,0.5382324582577048,0.4943695496376489,0.4618163222246863,0.5779389087372881,0.43788088853029156,0.6262823710034539,0.41025700222034295,0.5564450022326679,0.46470807564274014,0.5081074206967001,0.5034648671718551,0.47066015257359,0.522937266499077,0.5195971389846841,0.5374574646550468,0.5898243292448876,0.544093028567088,0.6008859917358058,0.5242375168098353,0.5638690347267737,0.5665754274212982,0.5697329585450239,0.5666153413394489,0.560268479909722,0.5637318655950314,0.5523240649764533,0.5319420338428087,0.4915568799483815,0.5493657964341553,0.5299655357520466,0.5575857864613483,0.5465138473446601,0.5560353022871446,0.5419376056224042,0.548909705679117,0.5388453946026808,0.5398864630269544,0.5296091701752156,0.5449294362347212,0.5102765620502944,0.544922320050099,0.49483513129201384,0.06035477741342911,0.056863613822442635,0.13009969832343204,0.2801667734953177,0.26900811953699655,0.4586242338423271,0.5741420579160335,0.42617138323953213,0.5109084434278334,0.5308795420711503,0.539792895814279,0.5414677192423866,0.44301381313693705,0.10056625268374876,0.1019663382219418,0.10617116933851652,0.10069464710775748,0.14956008474273794,2.031574156090791,5.540967496058353,5.495347579907868,5.415532661364298,5.834036272896749,0.43122688412093657,0.4574437283815015,0.4602942239003037,0.48377345749175554
EX67,Mozambique,Farol,1521633.83918842,1742849.9908100555,3913520.680775218,1583614.2573444436,92.79182882990436,0.4704873423856088,0.6004841111639547,0.4485909787752945,0.4803377372580628,0.4431440269770195,0.07663070443703308,0.34960700639474246,0.3438331730907052,0.34944595929945566,0.34292956941173336,0.35130608427073823,0.33925969880517504,0.3497342722342311,0.3409264584651763,0.5130136275995468,0.5089785971475786,0.5490740614699535,0.5415561870145194,0.5639844004172124,0.5446815379045082,0.546979479634335,0.5698090705670412,0.49288094376722863,0.48474221679469887,0.5041750976333248,0.4938235100222711,0.511111064578487,0.5050534358804369,0.5369729014014131,0.4936831317823033,0.45998889445149027,0.583630380064483,0.4393675221701885,0.6302064080597615,0.41234456488794985,0.5553816986714935,0.4659729351250001,0.5089573414661899,0.5030904124443429,0.47031965435993545,0.5208376572666036,0.5203121335954617,0.5374325102750618,0.5896131205931969,0.542773479173394,0.5983908922901703,0.5243803969738285,0.5637526329390801,0.5652640441244541,0.5696718308312083,0.5656658846336424,0.5600661947890396,0.5622496019049523,0.5520338885907405,0.5303752290607269,0.4906091269985608,0.5483073389692714,0.5300677677950709,0.5571057638069132,0.546391341611885,0.5545710618259402,0.5417395101980551,0.54646278465945,0.5368674095475855,0.5371827369252996,0.5280047205415423,0.5431570187283151,0.5097240357877343,0.5436962530316821,0.4943951174433218,0.05847443591806875,0.055097993623814644,0.1344188507393841,0.26117487505561887,0.2758398582525189,0.4704873423856088,0.6004841111639547,0.4485909787752945,0.5102252884422648,0.530202733977263,0.539126410779768,0.5404909897327527,0.460136679037654,0.10009233647592312,0.10210630718207296,0.10579771598795357,0.10051991391549824,0.1574268440936887,2.09408862122698,5.575774390676353,5.487403340609403,5.429190497425456,5.842827542384782,0.4464015635640059,0.4712670361009455,0.47499251384500507,0.49745112113962764
