ID,Lat,Long,Country,Villages,Livelihood,Demography,Cultural,Health,Learning,Assets,Flexibility,Agency,Organisation,Sensitivity,AdaptiveCapacity,CoralExt,seagrassExt,mangroveExt,Cropland,Nb_sp,FRic,FDiv,FEve,FDis,FSpe,FOri,cost.reef,cost.sgrass,cost.mngrov,cost.crop,TEV,cdd_126_2050,cdd_126_2100,cdd_245_2050,cdd_245_2100,cdd_370_2050,cdd_370_2100,cdd_585_2050,cdd_585_2100,evspsbl_126_2050,evspsbl_126_2100,evspsbl_245_2050,evspsbl_245_2100,evspsbl_370_2050,evspsbl_370_2100,evspsbl_585_2050,evspsbl_585_2100,npp_126_2050,npp_126_2100,npp_245_2050,npp_245_2100,npp_370_2050,npp_370_2100,npp_585_2050,npp_585_2100,pH_trend_126_2050,pH_trend_126_2100,pH_trend_245_2050,pH_trend_245_2100,pH_trend_370_2050,pH_trend_370_2100,pH_trend_585_2050,pH_trend_585_2100,r10Int_126_2050,r10Int_126_2100,r10Int_245_2050,r10Int_245_2100,r10Int_370_2050,r10Int_370_2100,r10Int_585_2050,r10Int_585_2100,r10p_126_2050,r10p_126_2100,r10p_245_2050,r10p_245_2100,r10p_370_2050,r10p_370_2100,r10p_585_2050,r10p_585_2100,sst_trend_126_2050,sst_trend_126_2100,sst_trend_245_2050,sst_trend_245_2100,sst_trend_370_2050,sst_trend_370_2100,sst_trend_585_2050,sst_trend_585_2100,sst90Int_126_2050,sst90Int_126_2100,sst90Int_245_2050,sst90Int_245_2100,sst90Int_370_2050,sst90Int_370_2100,sst90Int_585_2050,sst90Int_585_2100,sst90p_126_2050,sst90p_126_2100,sst90p_245_2050,sst90p_245_2100,sst90p_370_2050,sst90p_370_2100,sst90p_585_2050,sst90p_585_2100,tap_trend_126_2050,tap_trend_126_2100,tap_trend_245_2050,tap_trend_245_2100,tap_trend_370_2050,tap_trend_370_2100,tap_trend_585_2050,tap_trend_585_2100,ts90Int_126_2050,ts90Int_126_2100,ts90Int_245_2050,ts90Int_245_2100,ts90Int_370_2050,ts90Int_370_2100,ts90Int_585_2050,ts90Int_585_2100,ts90p_126_2050,ts90p_126_2100,ts90p_245_2050,ts90p_245_2100,ts90p_370_2050,ts90p_370_2100,ts90p_585_2050,ts90p_585_2100
BF100,-2.0711021,41.08933994,Kenya,Faza,0.222346154,0.028849267,0.112027027,0.112516923,0.210041538,0.051068885,0.036734205,0.056457692,0.085636154,0.475739371,0.439938475,9483998.551693324,12480775.50447308,12397422.566857252,1292178.617936401,142.83375113173474,0.6359115908486968,0.6088810593527835,0.4168891578402554,0.48252031009513746,0.44576447855332296,0.09590410592365133,1122905.4285204895,975572.2980826427,6090952.886477503,47786.523571655314,2162552.475721846,40.28020344021177,38.205497105120784,40.58490008889288,39.13284444919472,40.96962458896341,37.82993966882581,39.98422575994793,36.31458657034758,-1.767034339473495e-8,-9.23185308367139e-8,-9.545791841506512e-9,1.8370776922902358e-8,-5.892483225129121e-8,-7.078324768383748e-8,-4.573604949139061e-8,-4.1382800960014003e-08,1.1154403121246822e-10,3.2485514832530724e-11,1.3605937560473456e-10,1.0928590805496489e-10,1.1107499877393739e-10,1.1879107538388386e-10,2.021415371340968e-10,1.6892680294242148e-10,-4.3087427723052877e-4,1.7454979112103617e-4,-2.5822475243057297e-4,-9.325530354155424e-5,-9.40019011978026e-4,-0.0014468579648208232,-9.325837774706796e-4,-0.0014379162341002759,-9.841260520351774,-18.145767453161387,-10.096437129171797,-14.919445430181886,-11.823863362055759,-7.810745252016789,-11.62436109706747,-12.742329800203427,2.7198680346570994,2.0207374698801708,3.862782661227397,3.439437492350387,5.006894447321848,3.181365627595353,5.261639233019814,2.1650768958497246,0.01044833524092146,-0.00898922513942837,0.003283646772182688,0.0014959233746123974,0.007502487493047986,0.011433944877997858,0.0047733961738239674,0.008590954396087218,0.9405885838471759,0.06271589860551369,0.1966814866646498,0.12409802023960742,0.5080871345390594,0.14971081044953807,0.23724494836286641,0.19735326418129573,12.190189597939241,1.2571627425481977,3.608173468634312,1.5936383181207827,8.444741869588238,1.9985495400856184,3.983447046484339,2.1468269310075043,0.006815704164171199,0.0044528027262711045,-0.0010193483523914645,0.005286387712936505,3.2708896527202237e-4,0.01895359347861678,0.015638800588956243,0.008502386272877482,3.8960780439344753,3.2752771500797113,2.9121714287893106,1.9872790015290767,3.2819040376569655,1.7665296915667308,2.8750780794686737,1.627655885767393,107.32027682830481,112.26689710730078,116.62245621594923,138.03125163323637,112.18914789739702,150.68296137605066,117.24287697144327,167.37062474962704
BF101,-2.0711021,41.33933994,Kenya,Kiwayu,0.231741333,0.020203245,0.066756757,0.095573333,0.222435556,0.03202944,0.064075852,0.0557,0.072066667,0.414274669,0.446307514,9028160.8508525,25731317.286636576,20971061.396774035,935822.48216817,153.93855837702012,0.6895969779500641,0.6607620460170602,0.4538724068751614,0.5239693704840577,0.4837856515776752,0.10437593521366324,1068934.244740936,2011314.1470272348,10303250.232726257,34607.98877358864,3424140.8006363963,39.776699086773164,37.7362060802015,40.15536902207776,38.6360105709686,40.46769164936238,37.13161662250451,39.642042864650826,35.71886191645399,-2.0097999864245906e-8,-8.65462713661997e-8,-1.0258040490220624e-8,2.1576775777997634e-8,-5.855318372695959e-8,-7.040130828241707e-8,-3.343502247860105e-8,-3.756615683854352e-8,1.0518573196978987e-10,3.321567083199758e-11,1.1892605863123498e-10,1.0915697423185879e-10,1.0643129161663597e-10,1.167259766484154e-10,1.8998468225625678e-10,1.6268562576658527e-10,-3.831876573128249e-4,1.540450936520207e-4,-2.077877487315026e-4,-7.542178057916472e-5,-8.346083345647276e-4,-0.0012814099433068199,-8.271044469708088e-4,-0.0012729809294669463,-9.768580627589579,-18.614885711335866,-10.47290615290449,-15.761165951411053,-12.33295847632288,-7.594315592948162,-12.003717209119483,-14.657536977536212,2.757662359289473,1.8793284626535014,3.6234708916965936,3.10750853727848,4.5027091924786555,2.5234887973613427,4.764003231985376,1.4020711211548469,0.010753935283477848,-0.010217388932589801,0.0032455552846234453,7.385542729034143e-4,0.007749197594494191,0.012040951473478681,0.004980785361193561,0.009106934877086697,1.0653170403635244,0,0.2480793955269398,0,0.5376948949077611,0,0.28814853560306525,0,14.09012563938739,0,4.42925941118397,0,9.089799136468786,0,4.994403296373145,0,0.006763447783058086,0.004693243254819731,-0.0011955890530299434,0.006194755017812065,5.776826366998993e-4,0.019173749487007792,0.015400107843219905,0.00957451187109761,3.934129319676208,3.229042915243462,2.8156276811413146,1.943654022481973,3.2570675944786567,1.7457505050686728,2.78475010024508,1.6226988198876529,107.00803807985066,112.77502766348752,117.93764781452833,139.4047276025695,112.52957039183715,151.79445498299023,118.53492733521792,168.3468185533936
BF101,-2.0711021,41.33933994,Kenya,Ndau,0.226930462,0.018555556,0.1,0.114116923,0.201306154,0.034773804,0.058577509,0.050088462,0.086713846,0.45960294,0.431459775,9028160.8508525,25731317.286636576,20971061.396774035,935822.48216817,153.93855837702012,0.6895969779500641,0.6607620460170602,0.4538724068751614,0.5239693704840577,0.4837856515776752,0.10437593521366324,1068934.244740936,2011314.1470272348,10303250.232726257,34607.98877358864,3424140.8006363963,39.776699086773164,37.7362060802015,40.15536902207776,38.6360105709686,40.46769164936238,37.13161662250451,39.642042864650826,35.71886191645399,-2.0097999864245906e-8,-8.65462713661997e-8,-1.0258040490220624e-8,2.1576775777997634e-8,-5.855318372695959e-8,-7.040130828241707e-8,-3.343502247860105e-8,-3.756615683854352e-8,1.0518573196978987e-10,3.321567083199758e-11,1.1892605863123498e-10,1.0915697423185879e-10,1.0643129161663597e-10,1.167259766484154e-10,1.8998468225625678e-10,1.6268562576658527e-10,-3.831876573128249e-4,1.540450936520207e-4,-2.077877487315026e-4,-7.542178057916472e-5,-8.346083345647276e-4,-0.0012814099433068199,-8.271044469708088e-4,-0.0012729809294669463,-9.768580627589579,-18.614885711335866,-10.47290615290449,-15.761165951411053,-12.33295847632288,-7.594315592948162,-12.003717209119483,-14.657536977536212,2.757662359289473,1.8793284626535014,3.6234708916965936,3.10750853727848,4.5027091924786555,2.5234887973613427,4.764003231985376,1.4020711211548469,0.010753935283477848,-0.010217388932589801,0.0032455552846234453,7.385542729034143e-4,0.007749197594494191,0.012040951473478681,0.004980785361193561,0.009106934877086697,1.0653170403635244,0,0.2480793955269398,0,0.5376948949077611,0,0.28814853560306525,0,14.09012563938739,0,4.42925941118397,0,9.089799136468786,0,4.994403296373145,0,0.006763447783058086,0.004693243254819731,-0.0011955890530299434,0.006194755017812065,5.776826366998993e-4,0.019173749487007792,0.015400107843219905,0.00957451187109761,3.934129319676208,3.229042915243462,2.8156276811413146,1.943654022481973,3.2570675944786567,1.7457505050686728,2.78475010024508,1.6226988198876529,107.00803807985066,112.77502766348752,117.93764781452833,139.4047276025695,112.52957039183715,151.79445498299023,118.53492733521792,168.3468185533936
BG99,-2.3211021,40.83933994,Kenya,Matondoni,0.221699,0.031864962,0.111554054,0.140022857,0.194844286,0.055663281,0.048407238,0.053035714,0.088032857,0.505140874,0.439983376,10667691.945588948,20673222.559862506,13418533.776203733,1997085.3220506082,137.3493605381471,0.6072514470724909,0.580606464623071,0.39636120687117493,0.46004326999136425,0.42518900203111526,0.09112387301246536,1263054.7263577315,1615943.1146142127,6592632.992519103,73854.93266340006,2605316.5235499004,38.896019179986816,36.894904089465825,39.01135689660245,37.77639343257034,39.487071938879076,36.822351719036185,38.327092729293724,35.31876364981097,-1.3621176721704395e-8,-8.742762632829148e-8,-3.1946145667235577e-9,1.625534902152863e-8,-5.307930403102882e-8,-6.443204431310753e-8,-5.583869373548386e-8,-3.123080946099989e-8,1.1387767906339681e-10,3.1038835184583664e-11,1.4916983002256513e-10,1.0306667485254194e-10,1.1117095223923445e-10,1.187502317597469e-10,2.124310752194308e-10,1.707291131997746e-10,-5.932675590475409e-4,2.429013298879734e-4,-3.614277281793358e-4,-1.295151457469482e-4,-0.0012974426572936488,-0.002004530720465481,-0.0012857747617954387,-0.0020038096223857454,-8.869624541509324,-16.98004000993025,-9.378151174522571,-13.458893880889427,-10.679428182330307,-8.28367026324576,-10.315084863191473,-11.007608703383982,2.866757113671935,2.2454349741065225,4.248704732118654,3.9928598223664116,5.838821692689832,4.241281037308942,5.936668910086513,3.605136883832777,0.00805907363675377,-0.006651688764356738,0.004105728605384177,0.0026628352485290833,0.011281534007238726,0.017099460914843077,0.005338476063051054,0.010263664921792563,0.6863608622610499,0.09848595166200859,0.2884260818266339,0.19487740580016888,0.8418528327217083,0.23509846735923312,0.33948867309430836,0.30991382518100324,9.52104482174193,1.9741863203247618,4.398430183325154,2.5025709565671383,13.327356961790631,3.1384235540826224,4.763194993552382,3.3712710501658205,0.00648701658221744,0.004183209613583745,-8.959320271156633e-4,0.0038214168874973727,-1.341339365482164e-4,0.018497139255733652,0.01546186925118317,0.00661067054068962,3.791656875721146,3.235897229962292,2.9957961600464875,2.0340015851260005,3.2634506358089075,1.7718773314142215,2.9486892513996907,1.6280520485303809,108.06466385902749,112.58407572602285,115.45800703655122,136.6003691113091,112.35719093372046,150.34770766050434,116.17899369051418,166.52429396578697
BK95,-3.3211021,39.83933994,Kenya,Uyombo,0.263786118,0.030309875,0.093211447,0.109176471,0.200948889,0.052091812,0.073407653,0.060317647,0.102069412,0.49648391,0.488835413,7185061.534688186,6376939.472154681,3521598.8545913734,4089802.938196312,130.45068192242204,0.5693112157098338,0.5430053818485233,0.36821089093069415,0.430510967759895,0.3980930797669446,0.0841612278368534,850711.2857070812,498459.8507804428,1730189.6900515782,151246.47769025568,990883.8353401496,38.11925890498107,36.62064368477763,37.1862833726099,36.588778563409875,38.55818728821911,36.31070968079398,36.284695234795244,34.712142951793545,-5.257930397417081e-9,-8.683717332008208e-9,-3.5843987332177826e-8,-1.2081385283515276e-8,-7.657509137571052e-8,-6.31956671966729e-8,-6.081510466168521e-8,-3.496866389147669e-8,1.0797021399340194e-10,8.826228692252439e-11,1.0848592338980612e-10,8.926759868733754e-11,8.374303576725931e-11,1.4754509523750094e-10,2.438347876968998e-10,1.9456158580169733e-10,0,0,-1.3719469705214388e-4,-4.9073944983347564e-5,0,0,0,0,-8.404708548853002,-13.945313654376946,-9.09119274395699,-11.713776674336305,-10.495198832466734,-11.13421158982383,-8.662371583849458,-10.737688057465336,7.202584533005991,6.16333695708158,6.73432549232171,6.778991547323411,9.799245944264497,9.952701624492681,7.5336697098644265,9.286062487312103,0.005221114905085778,-0.005956297436118251,0.0015238815794124678,0.0010033806885000722,0.0015991260139865142,0.003128933641417898,0.001834619460522686,0.003813814710970365,0.4900579798376082,0,0.13654243224469337,0,0.13755645236036382,0,0.15481906361250009,0,7.8660067726150675,0,1.776470636460794,0,1.7828995957063982,0,1.9629106316506015,0,0.006780188650849142,0.006784567164676535,-0.003279470990473321,0.00439724867882876,-0.0020988509917376687,0.02174073260786456,0.01631592153031152,0.006588648909531201,3.343677733565503,2.9996006219543894,2.9967821755568775,2.066620116990405,3.2191940806545203,1.7423101052442374,2.942530203527391,1.615602972673954,111.18344434827432,114.84799532466819,115.31868515703198,135.4512197046292,112.81722378240352,151.19479709926833,116.34115672460794,167.18271342414988
BK96,-3.3211021,40.08933994,Kenya,Mida,0.290925524,0.022467187,0.101724582,0.13376,0.21316381,0.061483901,0.059417932,0.069942857,0.093208571,0.548877292,0.497217071,3178933.097717508,2212195.165154973,3545001.105636451,3515509.9696300356,151.83095746668698,0.6629378830308688,0.6322822804422565,0.4289471332057689,0.5013560512098117,0.46357117425976774,0.09804945370316012,376385.67876975297,172918.44727950363,1741687.4032080336,130008.34226648949,792931.4635022092,32.085922712887765,30.832617569893504,31.376939969371477,30.885463028786724,32.47533696082332,30.667161693135444,30.63137414228451,29.30728524005291,-9.955264566450023e-9,-1.1206158878254797e-8,-3.039753233451434e-8,-1.2966916119236771e-8,-6.37460514653519e-8,-5.523808346678306e-8,-5.880332199808104e-8,-3.023762215240612e-8,9.20622383951928e-11,7.12053625751864e-11,1.0206421477587542e-10,7.611709873485351e-11,7.184947429744639e-11,1.2138629019473868e-10,2.0678773456306607e-10,1.6094451885648483e-10,-8.947607303861515e-5,3.671710352022882e-5,-2.886870476860435e-4,-1.0342334282353568e-4,-1.9568235993666384e-4,-3.023033774584247e-4,-1.955058955934446e-4,-2.974716028371235e-4,-6.733991308938221,-11.986947751150757,-7.3785023571083945,-9.516201307269023,-8.731218803879752,-9.159190542905588,-7.0000734153024275,-8.855811902940625,5.509747247724444,4.696077175055083,5.261996601615433,5.5021944368041105,7.800711283599732,7.982816638034788,6.130339046275909,7.55870113094166,0.0088922526456897,-0.008889382689169698,0.003269406122491348,0.002124773659986676,0.003408386535459816,0.006259964453679131,0.004208608762496315,0.008174251221468275,0.7865297180876507,0.06785789412863266,0.23819956495819622,0.1342726566346584,0.24569270161424517,0.16198540643254702,0.27866554366694096,0.21353400341101184,12.594491659157393,1.3602358920644908,3.544097599175563,1.7242986654880683,3.6442020076680732,2.1624080355604516,3.849319462258258,2.3228424982496723,0.005707589246090955,0.005161487667273549,-0.0023461499999315044,0.0032806929434128287,-0.0016061284754387568,0.01788259970464734,0.013671261092525781,0.005101409103367012,3.376994123421596,2.990088171992602,2.9799269272192186,2.0284465030270056,3.1792366107839105,1.7369224053279673,2.9097980227597855,1.6150653120827607,110.91963747282718,114.9424199826651,115.47724545645652,136.3605949856649,113.18879401537947,151.5749774171806,116.73936340819748,167.41767834351003
BO94,-4.3211021,39.58933994,Kenya,Gazi,0.270536821,0.028736895,0.066846847,0.086203077,0.204749744,0.040925139,0.069339165,0.062965385,0.094418462,0.452323639,0.472397894,10070643.60802543,5941079.588784957,8123301.566731697,3065518.024564397,147.4306192962606,0.634159918460645,0.604536907401917,0.4086680128538048,0.47866396705452907,0.44289198197193724,0.09393284048336721,1192364.203190211,464390.4271369649,3991043.046147817,113367.02782942262,1554038.9460462749,25.303983799410265,24.32222270248657,24.283422790217728,23.97724163230493,25.693823888734563,24.238699976789352,23.799454767200306,23.161112657345083,-6.4423616373613455e-9,2.8677483195772575e-8,-4.188364631398337e-8,-1.1904043735154386e-8,-4.3059033087049856e-8,-2.7708648922249553e-8,-2.320536327022746e-8,-3.838580812534696e-8,6.489223638545597e-11,8.782610754471303e-11,8.14158177703198e-11,7.340037886133525e-11,5.784195823895241e-11,9.682040175751408e-11,1.4382858342167323e-10,1.3492551366905036e-10,-8.294685428896467e-4,3.4032776213550143e-4,-0.0010315641062600951,-3.677748902218814e-4,-0.0018166963661760374,-0.0027893103969500728,-0.0011248380583431682,-0.0016858654852711246,-7.022331987481723,-9.99315746796304,-6.635861666057611,-8.899104313139503,-7.6228151278461365,-9.102577703360279,-6.919025182468243,-8.88723410449931,8.031222858750883,7.101568583319057,5.992619883028083,6.277233240676065,9.019826989329358,9.942887720244592,6.042198876087362,9.472006915552026,0.00778078532395445,-0.00562063464644895,0.012712859278562248,0.005953157558765507,0.012971842237519427,0.026227499618708315,0.018097952978669438,0.033220398654458506,0.8957326614059672,0.21746092670519493,0.9680493833768414,0.40050606914945774,1.0369421003650978,0.5310685207540006,1.1066530255393692,0.6433713253364624,14.676356385321693,4.483749410836063,15.655552107881986,5.615344491032728,16.570889493009297,6.665478392874559,17.34821015798426,7.62972231584418,0.00629795019430429,0.008934102187781094,-0.003688199618414153,0.00730650206190913,-0.0023974486717416397,0.015550079205652363,0.011418919098218233,0.007049809381184744,3.1517904100345864,2.82449271226515,2.972085746737784,2.0201416912716756,3.0673203282618173,1.7225147156152238,2.8491209740407997,1.639909690114382,112.86351022024672,116.8967888361757,114.89315444187714,135.36742772018422,114.39349448994578,152.13547899356433,117.06712706688693,165.12114899176487
BP93,-4.5711021,39.33933994,Kenya,Vanga,0.33676628,0.022975547,0.070059459,0.1264,0.1960576,0.028791481,0.088765931,0.058446,0.0874212,0.556201287,0.459482213,12429136.234176893,8171208.375291226,6339042.961682997,2341019.4258908373,154.63064542702136,0.6600062401932301,0.6290148122139826,0.4250129195691083,0.49758041642169304,0.46064938557725155,0.09814969301455544,1471609.7301265441,638710.673863014,3114422.5194185497,86574.08381798617,1451430.1882989418,23.534205567657274,22.67084832066148,22.623520854180065,22.36765748578448,23.93758911964436,22.85805311775802,22.17798569566515,21.87855788117026,-1.0300157919164991e-8,3.530851048318714e-8,-5.768807474757015e-8,-2.6675013955148636e-8,-4.246177330626278e-8,-2.3996231114216374e-8,-2.301106723767948e-8,-3.754688782884084e-8,6.051880956211844e-11,6.98265924265437e-11,8.90577785140532e-11,7.805880362727895e-11,6.142499220591636e-11,8.429342478585944e-11,1.2887620448634408e-10,1.1516516152433518e-10,-6.688023866241196e-4,2.7612617165756475e-4,-0.0013324763920067352,-4.7744568424741394e-4,-0.0014694739907222321,-0.0022631800868264298,-0.0012041560382347939,-0.0018057808077826453,-7.1428162964552975,-9.688401727659818,-6.691988289958964,-8.718190717000642,-7.474401912134408,-9.07112155628834,-6.986823562203163,-9.321977656463726,7.81482664786841,7.511211417687218,6.096593109362478,6.861478240989735,9.187780785247568,10.420887025791343,6.401192428070594,10.235081770758466,0.010959180951905846,-0.008381795538619825,0.014974135353280797,0.00876598752413332,0.015615667174087987,0.029731505187435926,0.020367044723041457,0.03851304976556701,0.9725191389400824,0.2782615863529009,1.0161602867212305,0.5094740896665751,1.0816456606318305,0.6797587072376697,1.1820682993786131,0.8242219279029411,16.193753758251628,5.747225730219011,16.047532204023447,7.202207282752362,16.900920021817775,8.544215162873888,17.850257338599633,9.770836228381283,0.006853507423786137,0.008146744532977224,-0.0032755236811583817,0.006614358074365027,-0.0023703925353444257,0.01340470295547314,0.011064977827047056,0.005697185121615793,3.167564690926401,2.818485657505587,2.9865435766644235,2.0078325545503675,3.0489286073761557,1.7132407276692723,2.855860164377222,1.643556748645455,112.8476717461348,117.04661328658128,114.55886171849116,135.30321858594755,114.63992022662413,152.5502530215103,116.94981392526066,164.89008243929615
BQ92,-4.8211021,39.08933994,Tanzania,Boma Subutuni,0.421218761,0.121503075,0.037401245,0.044785599,0.078358014,0.05211359,0.082431684,0.074772713,0.170931076,0.62490868,0.458607076,13390476.797260776,11449507.174748555,9155652.40912412,1714985.502147707,156.97811713208108,0.6662645773530601,0.6349167994157909,0.42879734234414174,0.5018378832357308,0.4648509524943083,0.09936343433467264,1585432.4527956757,894962.1778213956,4498245.273821953,63422.49746734483,1911563.7726784274,24.599831317626187,23.732458862013708,23.72412777861444,23.437541767463504,25.040712366458443,24.16261488245899,23.22997260124417,23.22301995595817,-5.385979890208486e-9,3.7887382948323996e-8,-5.877906654812098e-8,-2.9027936694068488e-8,-4.271302930053324e-8,-1.8330629477120254e-8,-6.549184774874833e-9,-1.955498600115711e-8,6.981513030327365e-11,6.964546366408522e-11,8.81079902872261e-11,9.615600411579081e-11,7.067991914394677e-11,8.570767198552693e-11,1.2814302185587865e-10,1.132793237733302e-10,-4.6687287708042783e-4,1.927313508183303e-4,-0.001135055617541401,-4.083221106602555e-4,-0.001025903903209818,-0.001580683127007046,-8.558109942983716e-4,-0.0012828710414298334,-7.896709985744698,-10.801882619335146,-7.403055241387944,-9.439302869590888,-8.235012391302893,-10.0445047883179,-7.84138404700412,-10.852862528461959,8.28572636313348,8.320525865856737,6.795362494474115,8.153166945725992,10.420011192488177,11.954640009502793,7.63204558260819,12.003941836856724,0.011188402062365106,-0.010554191731009762,0.01281841290389742,0.007590344180268768,0.013263075476579053,0.025298310461431033,0.01697682781939797,0.03246296361705445,0.9777924663403998,0.2022249485025654,0.8704605026261506,0.3801456806251073,0.9184661327732927,0.5058768475135472,1.0153222896735608,0.6139585760868491,15.80799775532439,4.125221810223011,13.37539259143822,5.332532036823958,14.004434645496197,6.337149010115711,14.897133628599605,7.265102738884409,0.007936804183125337,0.008458964638682197,-0.0033895395285212476,0.00622622674294938,-0.0026944186852023255,0.012927727947139615,0.012061564696100526,0.004481793770711758,3.2458516330895617,2.8482669188538297,3.014903505016474,1.9869049217813188,3.0847959933480533,1.6969466940196203,2.876038680397162,1.6466629170223148,112.31026088528846,116.74988336064771,114.16420089669097,135.54000591660787,114.26210504865912,153.18259501281923,116.64696371630572,164.81910614739766
BQ92,-4.8211021,39.08933994,Tanzania,Moa,0.392405984,0.119166011,0.037663971,0.046466432,0.077168691,0.056560765,0.087895564,0.07139035,0.162816759,0.595702398,0.455832128,13390476.797260776,11449507.174748555,9155652.40912412,1714985.502147707,156.97811713208108,0.6662645773530601,0.6349167994157909,0.42879734234414174,0.5018378832357308,0.4648509524943083,0.09936343433467264,1585432.4527956757,894962.1778213956,4498245.273821953,63422.49746734483,1911563.7726784274,24.599831317626187,23.732458862013708,23.72412777861444,23.437541767463504,25.040712366458443,24.16261488245899,23.22997260124417,23.22301995595817,-5.385979890208486e-9,3.7887382948323996e-8,-5.877906654812098e-8,-2.9027936694068488e-8,-4.271302930053324e-8,-1.8330629477120254e-8,-6.549184774874833e-9,-1.955498600115711e-8,6.981513030327365e-11,6.964546366408522e-11,8.81079902872261e-11,9.615600411579081e-11,7.067991914394677e-11,8.570767198552693e-11,1.2814302185587865e-10,1.132793237733302e-10,-4.6687287708042783e-4,1.927313508183303e-4,-0.001135055617541401,-4.083221106602555e-4,-0.001025903903209818,-0.001580683127007046,-8.558109942983716e-4,-0.0012828710414298334,-7.896709985744698,-10.801882619335146,-7.403055241387944,-9.439302869590888,-8.235012391302893,-10.0445047883179,-7.84138404700412,-10.852862528461959,8.28572636313348,8.320525865856737,6.795362494474115,8.153166945725992,10.420011192488177,11.954640009502793,7.63204558260819,12.003941836856724,0.011188402062365106,-0.010554191731009762,0.01281841290389742,0.007590344180268768,0.013263075476579053,0.025298310461431033,0.01697682781939797,0.03246296361705445,0.9777924663403998,0.2022249485025654,0.8704605026261506,0.3801456806251073,0.9184661327732927,0.5058768475135472,1.0153222896735608,0.6139585760868491,15.80799775532439,4.125221810223011,13.37539259143822,5.332532036823958,14.004434645496197,6.337149010115711,14.897133628599605,7.265102738884409,0.007936804183125337,0.008458964638682197,-0.0033895395285212476,0.00622622674294938,-0.0026944186852023255,0.012927727947139615,0.012061564696100526,0.004481793770711758,3.2458516330895617,2.8482669188538297,3.014903505016474,1.9869049217813188,3.0847959933480533,1.6969466940196203,2.876038680397162,1.6466629170223148,112.31026088528846,116.74988336064771,114.16420089669097,135.54000591660787,114.26210504865912,153.18259501281923,116.64696371630572,164.81910614739766
BQ92,-4.8211021,39.08933994,Tanzania,Mwandusi,0.412971084,0.120902702,0.037336144,0.043927124,0.074792951,0.056103993,0.089804142,0.075201432,0.175310127,0.615137053,0.471212645,13390476.797260776,11449507.174748555,9155652.40912412,1714985.502147707,156.97811713208108,0.6662645773530601,0.6349167994157909,0.42879734234414174,0.5018378832357308,0.4648509524943083,0.09936343433467264,1585432.4527956757,894962.1778213956,4498245.273821953,63422.49746734483,1911563.7726784274,24.599831317626187,23.732458862013708,23.72412777861444,23.437541767463504,25.040712366458443,24.16261488245899,23.22997260124417,23.22301995595817,-5.385979890208486e-9,3.7887382948323996e-8,-5.877906654812098e-8,-2.9027936694068488e-8,-4.271302930053324e-8,-1.8330629477120254e-8,-6.549184774874833e-9,-1.955498600115711e-8,6.981513030327365e-11,6.964546366408522e-11,8.81079902872261e-11,9.615600411579081e-11,7.067991914394677e-11,8.570767198552693e-11,1.2814302185587865e-10,1.132793237733302e-10,-4.6687287708042783e-4,1.927313508183303e-4,-0.001135055617541401,-4.083221106602555e-4,-0.001025903903209818,-0.001580683127007046,-8.558109942983716e-4,-0.0012828710414298334,-7.896709985744698,-10.801882619335146,-7.403055241387944,-9.439302869590888,-8.235012391302893,-10.0445047883179,-7.84138404700412,-10.852862528461959,8.28572636313348,8.320525865856737,6.795362494474115,8.153166945725992,10.420011192488177,11.954640009502793,7.63204558260819,12.003941836856724,0.011188402062365106,-0.010554191731009762,0.01281841290389742,0.007590344180268768,0.013263075476579053,0.025298310461431033,0.01697682781939797,0.03246296361705445,0.9777924663403998,0.2022249485025654,0.8704605026261506,0.3801456806251073,0.9184661327732927,0.5058768475135472,1.0153222896735608,0.6139585760868491,15.80799775532439,4.125221810223011,13.37539259143822,5.332532036823958,14.004434645496197,6.337149010115711,14.897133628599605,7.265102738884409,0.007936804183125337,0.008458964638682197,-0.0033895395285212476,0.00622622674294938,-0.0026944186852023255,0.012927727947139615,0.012061564696100526,0.004481793770711758,3.2458516330895617,2.8482669188538297,3.014903505016474,1.9869049217813188,3.0847959933480533,1.6969466940196203,2.876038680397162,1.6466629170223148,112.31026088528846,116.74988336064771,114.16420089669097,135.54000591660787,114.26210504865912,153.18259501281923,116.64696371630572,164.81910614739766
BQ92,-4.8211021,39.08933994,Tanzania,Ndumbani,0.3488512,0.123036971,0.039726673,0.046589816,0.076137156,0.064412539,0.096878099,0.07314337,0.160754669,0.558204659,0.471325833,13390476.797260776,11449507.174748555,9155652.40912412,1714985.502147707,156.97811713208108,0.6662645773530601,0.6349167994157909,0.42879734234414174,0.5018378832357308,0.4648509524943083,0.09936343433467264,1585432.4527956757,894962.1778213956,4498245.273821953,63422.49746734483,1911563.7726784274,24.599831317626187,23.732458862013708,23.72412777861444,23.437541767463504,25.040712366458443,24.16261488245899,23.22997260124417,23.22301995595817,-5.385979890208486e-9,3.7887382948323996e-8,-5.877906654812098e-8,-2.9027936694068488e-8,-4.271302930053324e-8,-1.8330629477120254e-8,-6.549184774874833e-9,-1.955498600115711e-8,6.981513030327365e-11,6.964546366408522e-11,8.81079902872261e-11,9.615600411579081e-11,7.067991914394677e-11,8.570767198552693e-11,1.2814302185587865e-10,1.132793237733302e-10,-4.6687287708042783e-4,1.927313508183303e-4,-0.001135055617541401,-4.083221106602555e-4,-0.001025903903209818,-0.001580683127007046,-8.558109942983716e-4,-0.0012828710414298334,-7.896709985744698,-10.801882619335146,-7.403055241387944,-9.439302869590888,-8.235012391302893,-10.0445047883179,-7.84138404700412,-10.852862528461959,8.28572636313348,8.320525865856737,6.795362494474115,8.153166945725992,10.420011192488177,11.954640009502793,7.63204558260819,12.003941836856724,0.011188402062365106,-0.010554191731009762,0.01281841290389742,0.007590344180268768,0.013263075476579053,0.025298310461431033,0.01697682781939797,0.03246296361705445,0.9777924663403998,0.2022249485025654,0.8704605026261506,0.3801456806251073,0.9184661327732927,0.5058768475135472,1.0153222896735608,0.6139585760868491,15.80799775532439,4.125221810223011,13.37539259143822,5.332532036823958,14.004434645496197,6.337149010115711,14.897133628599605,7.265102738884409,0.007936804183125337,0.008458964638682197,-0.0033895395285212476,0.00622622674294938,-0.0026944186852023255,0.012927727947139615,0.012061564696100526,0.004481793770711758,3.2458516330895617,2.8482669188538297,3.014903505016474,1.9869049217813188,3.0847959933480533,1.6969466940196203,2.876038680397162,1.6466629170223148,112.31026088528846,116.74988336064771,114.16420089669097,135.54000591660787,114.26210504865912,153.18259501281923,116.64696371630572,164.81910614739766
BR92,-5.0711021,39.08933994,Tanzania,Kwale,0.40651269,0.117611614,0.040156303,0.047207693,0.076841926,0.069144183,0.101282734,0.065647979,0.169495943,0.6114883,0.482412765,12854498.014324004,10347092.744071564,8259644.120028871,1118806.502709504,169.14581795224444,0.7157595499085744,0.6820369912902771,0.46079727099132284,0.538766127261104,0.4992806945912309,0.10707227306974315,1521972.5648959621,808790.8514330979,4058029.2333231447,41374.986841393766,1765689.3389487984,20.74615673018633,20.061153735840595,20.03370763415056,19.80522101482818,21.148029918613922,20.564638088017166,19.612067261089567,19.835615760072145,1.6141775380223682e-9,2.872235676007692e-8,-5.1114924095899886e-8,-2.344072323288308e-8,-3.49270926573286e-8,-1.327579185272809e-8,4.327370171839624e-9,-1.5213094592367223e-8,6.465222384493796e-11,5.5619496142294366e-11,6.966033057364459e-11,8.744331982364759e-11,6.52438877423051e-11,7.227698342267411e-11,1.076102573135988e-10,9.508079424431092e-11,-4.962999341697677e-4,2.0601178196025943e-4,-0.0014236533477691687,-5.125221721882896e-4,-0.0012988620882871547,-0.002003372802734907,-0.0011049067686642934,-0.0016578674345640652,-6.774272965880665,-9.387014158498285,-6.511801297888021,-8.157309020152043,-7.335572627379977,-8.966873385474914,-6.898590100792528,-9.98962861962725,6.900567503814673,7.110800709846147,6.032441703252011,7.499849194253167,9.398066627447157,10.711091202989715,7.181404316872531,10.870501853755924,0.014043901133343941,-0.012184057272329274,0.015501022153043156,0.009736026446452595,0.01610386627936681,0.030002739290588817,0.020368489947304315,0.03912925542931453,1.0510180427141327,0.2919133743749027,0.9633042222836471,0.5443230114436033,1.0218645192532128,0.7342657982619869,1.1433126578633637,0.8868375118568065,16.559278881720964,6.036472733913495,15.038862328204367,7.745115983790922,15.795584754228326,9.182753237709468,16.756949778310556,10.549718851542742,0.007002224485514097,0.006881058421507348,-0.0028441916331351813,0.004388788201228564,-0.002366453668833463,0.009934076665568588,0.010307379140137005,0.002345744512429809,3.1419284580424227,2.7378430821600857,2.912694242079045,1.9320644126630708,2.9297638583191716,1.6856730611262867,2.7356992778031137,1.6439924935991126,113.32163779776991,118.15384776028559,115.22242861306201,137.16449039172275,116.03520593308593,154.2865453993043,118.43793779588496,165.87616113336233
BR94,-5.0711021,39.58933994,Tanzania,Mtambwe,0.424471592,0.134969418,0.045877452,0.049799895,0.071485588,0.057928906,0.110655815,0.06662902,0.161798599,0.655118358,0.468497928,14865921.932482189,10719488.112647165,9128459.947750827,645717.6500905572,196.4092644364723,0.8320906070960037,0.7928901141542894,0.535626823083449,0.6265158770856557,0.5804577851451174,0.12433781909432012,1760125.156805891,837899.5078131782,4484885.400009564,23879.517334812455,1877721.3307553323,15.736139735898265,15.061742650711258,15.16157032159483,14.85534265872918,15.953872376243192,15.173471367481664,14.835793709101601,14.64694170129882,9.047504361625857e-9,1.2752870041669038e-8,-1.6069348136837403e-8,3.177300587904971e-9,-2.2679274394680255e-8,-2.2334900554280054e-9,2.3236948438415934e-8,1.4407230787161668e-8,3.438181102070097e-11,2.935291318869945e-11,4.7856163642082476e-11,4.7201692225218743e-11,4.0627987792245874e-11,4.4204181125309684e-11,6.6743251106285965e-11,5.659194935644169e-11,-0.0013244281448877122,5.490843562293877e-4,-0.002699419677937739,-9.661678166213893e-4,-0.003315809899440645,-0.0051129565490964065,-0.002789424771898612,-0.0041880265147742094,-5.046272831950942,-6.850200116058619,-4.9149471998688465,-6.0751056160885035,-5.208885045532237,-6.249416645669672,-4.9184343761688,-6.60125497249092,4.962253903407532,4.809910253361096,4.3748854275742195,5.073037710411543,6.671383775050103,7.449659101939203,4.902447149311948,7.284871334167802,0.022617240737083873,-0.014203746261463339,0.02943757481477142,0.01773800938308483,0.03042618854750207,0.05662146402260422,0.03995177181291004,0.07532219856421589,1.6522497447902602,0.7947984583839472,1.7523888935931833,1.4720962589246496,1.905193197351897,1.9915637675084132,2.0834990058629947,2.398684009350057,27.40749428686854,16.5214636639805,29.003722623849313,20.976826661270216,30.878486977203412,24.86859560373564,32.360075362339145,28.60781799847511,0.004063432628894598,0.008079887132632906,-0.0028593986961583124,0.005831384681988077,-0.0022068840820687963,0.010741921178736938,0.007833154682286035,0.004521416879043878,2.8911395192662916,2.559070907469945,2.784812875940943,1.891243074942892,2.694347451368535,1.6930196876088972,2.551019413594159,1.635899825909058,115.65816883297036,120.54919837988118,116.71682364413742,138.59902581939855,118.88192565358861,154.6515160986984,121.02528874525709,166.90356763629387
BR94,-5.0711021,39.58933994,Tanzania,Gando,0.346379648,0.134142161,0.054650912,0.043226244,0.042675208,0.03749056,0.119252658,0.073334345,0.140358332,0.578398966,0.413111102,14865921.932482189,10719488.112647165,9128459.947750827,645717.6500905572,196.4092644364723,0.8320906070960037,0.7928901141542894,0.535626823083449,0.6265158770856557,0.5804577851451174,0.12433781909432012,1760125.156805891,837899.5078131782,4484885.400009564,23879.517334812455,1877721.3307553323,15.736139735898265,15.061742650711258,15.16157032159483,14.85534265872918,15.953872376243192,15.173471367481664,14.835793709101601,14.64694170129882,9.047504361625857e-9,1.2752870041669038e-8,-1.6069348136837403e-8,3.177300587904971e-9,-2.2679274394680255e-8,-2.2334900554280054e-9,2.3236948438415934e-8,1.4407230787161668e-8,3.438181102070097e-11,2.935291318869945e-11,4.7856163642082476e-11,4.7201692225218743e-11,4.0627987792245874e-11,4.4204181125309684e-11,6.6743251106285965e-11,5.659194935644169e-11,-0.0013244281448877122,5.490843562293877e-4,-0.002699419677937739,-9.661678166213893e-4,-0.003315809899440645,-0.0051129565490964065,-0.002789424771898612,-0.0041880265147742094,-5.046272831950942,-6.850200116058619,-4.9149471998688465,-6.0751056160885035,-5.208885045532237,-6.249416645669672,-4.9184343761688,-6.60125497249092,4.962253903407532,4.809910253361096,4.3748854275742195,5.073037710411543,6.671383775050103,7.449659101939203,4.902447149311948,7.284871334167802,0.022617240737083873,-0.014203746261463339,0.02943757481477142,0.01773800938308483,0.03042618854750207,0.05662146402260422,0.03995177181291004,0.07532219856421589,1.6522497447902602,0.7947984583839472,1.7523888935931833,1.4720962589246496,1.905193197351897,1.9915637675084132,2.0834990058629947,2.398684009350057,27.40749428686854,16.5214636639805,29.003722623849313,20.976826661270216,30.878486977203412,24.86859560373564,32.360075362339145,28.60781799847511,0.004063432628894598,0.008079887132632906,-0.0028593986961583124,0.005831384681988077,-0.0022068840820687963,0.010741921178736938,0.007833154682286035,0.004521416879043878,2.8911395192662916,2.559070907469945,2.784812875940943,1.891243074942892,2.694347451368535,1.6930196876088972,2.551019413594159,1.635899825909058,115.65816883297036,120.54919837988118,116.71682364413742,138.59902581939855,118.88192565358861,154.6515160986984,121.02528874525709,166.90356763629387
BR95,-5.0711021,39.83933994,Tanzania,Kangagani,0.381770161,0.134420226,0.044142243,0.054325556,0.077639323,0.06064554,0.132361547,0.070402771,0.154544198,0.614658186,0.49559337999999997,16932966.823085953,10595684.11470238,7676365.15305799,390366.5438173023,208.75160556626588,0.8849916732965616,0.8433032036188596,0.5696597310467404,0.6664606262908785,0.6173943978840529,0.1321636724457185,2004863.2718533769,828222.2445098263,3771459.610618614,14436.285966023677,1832523.0450530194,9.429991216757548,8.995783521547544,9.076487786737085,8.870068997450547,9.546420523927479,9.024514557495136,8.873452874232896,8.714183682747281,6.5694359935169215e-9,7.592468475116511e-9,-1.162449221817131e-8,7.202740483628856e-10,-1.4559335864623928e-8,-1.0353025013553413e-9,1.4334093274064248e-8,8.91974962686384e-9,1.7114892111520173e-11,1.5609325244483437e-11,3.142462094733894e-11,2.6609906719813842e-11,2.3287876191857444e-11,2.568910823318761e-11,3.813596158531609e-11,3.24806543189363e-11,-0.001694894607936719,7.029300990149081e-4,-0.003651798029188927,-0.0013085386274479414,-0.0041729861584553106,-0.006435925219896567,-0.00357589586585579,-0.005370976137099956,-2.901294472498347,-3.9995022507730735,-2.8425802788881884,-3.6300557333854413,-3.0572591306430867,-3.6779682393161206,-2.832234051731851,-3.8569530863157775,2.801980415727533,2.6834260197481483,2.6316528939485564,2.9280697102803463,3.878230503108585,4.37339157577753,2.831619279504676,4.204009831099544,0.026915335672428816,-0.015408436211522075,0.03954010765576505,0.024189123391977537,0.04124006413696112,0.07676880917105111,0.053579646106588004,0.10182311901864546,1.9294744138831046,1.0145636338337911,2.34892811104687,1.8693208094771674,2.543895227279805,2.533182976441801,2.794078298789577,3.04984445508705,32.7626932578969,21.33044915714875,38.77374225988708,26.648586384132106,41.19295037546956,31.62889091335894,43.28365215188444,36.32819294882282,0.0021916579608479247,0.005298279664720634,-0.0018079628558695857,0.003937973402789294,-0.0013835669220434786,0.006904414205117117,0.00465432740862017,0.0030760275477669007,2.7591302935048523,2.4487949517542744,2.700356916115971,1.862088313462084,2.548092364711791,1.6977235526849839,2.429581783747082,1.6321945478226387,116.93204663332104,122.06138219828473,117.69533575426311,139.61013547418628,120.71491615338739,154.91249334316922,122.74488148136938,167.58555855667598
BR95,-5.0711021,39.83933994,Tanzania,Mjini Kiuyu,0.339634462,0.136453842,0.047057633,0.048276964,0.040738543,0.037418702,0.11590246,0.065550155,0.142320095,0.571422902,0.401929956,16932966.823085953,10595684.11470238,7676365.15305799,390366.5438173023,208.75160556626588,0.8849916732965616,0.8433032036188596,0.5696597310467404,0.6664606262908785,0.6173943978840529,0.1321636724457185,2004863.2718533769,828222.2445098263,3771459.610618614,14436.285966023677,1832523.0450530194,9.429991216757548,8.995783521547544,9.076487786737085,8.870068997450547,9.546420523927479,9.024514557495136,8.873452874232896,8.714183682747281,6.5694359935169215e-9,7.592468475116511e-9,-1.162449221817131e-8,7.202740483628856e-10,-1.4559335864623928e-8,-1.0353025013553413e-9,1.4334093274064248e-8,8.91974962686384e-9,1.7114892111520173e-11,1.5609325244483437e-11,3.142462094733894e-11,2.6609906719813842e-11,2.3287876191857444e-11,2.568910823318761e-11,3.813596158531609e-11,3.24806543189363e-11,-0.001694894607936719,7.029300990149081e-4,-0.003651798029188927,-0.0013085386274479414,-0.0041729861584553106,-0.006435925219896567,-0.00357589586585579,-0.005370976137099956,-2.901294472498347,-3.9995022507730735,-2.8425802788881884,-3.6300557333854413,-3.0572591306430867,-3.6779682393161206,-2.832234051731851,-3.8569530863157775,2.801980415727533,2.6834260197481483,2.6316528939485564,2.9280697102803463,3.878230503108585,4.37339157577753,2.831619279504676,4.204009831099544,0.026915335672428816,-0.015408436211522075,0.03954010765576505,0.024189123391977537,0.04124006413696112,0.07676880917105111,0.053579646106588004,0.10182311901864546,1.9294744138831046,1.0145636338337911,2.34892811104687,1.8693208094771674,2.543895227279805,2.533182976441801,2.794078298789577,3.04984445508705,32.7626932578969,21.33044915714875,38.77374225988708,26.648586384132106,41.19295037546956,31.62889091335894,43.28365215188444,36.32819294882282,0.0021916579608479247,0.005298279664720634,-0.0018079628558695857,0.003937973402789294,-0.0013835669220434786,0.006904414205117117,0.00465432740862017,0.0030760275477669007,2.7591302935048523,2.4487949517542744,2.700356916115971,1.862088313462084,2.548092364711791,1.6977235526849839,2.429581783747082,1.6321945478226387,116.93204663332104,122.06138219828473,117.69533575426311,139.61013547418628,120.71491615338739,154.91249334316922,122.74488148136938,167.58555855667598
BR95,-5.0711021,39.83933994,Tanzania,Selemu,0.317631488,0.130273484,0.045777302,0.048965216,0.060017365,0.091581229,0.116724177,0.068517089,0.152456384,0.542647489,0.489296244,16932966.823085953,10595684.11470238,7676365.15305799,390366.5438173023,208.75160556626588,0.8849916732965616,0.8433032036188596,0.5696597310467404,0.6664606262908785,0.6173943978840529,0.1321636724457185,2004863.2718533769,828222.2445098263,3771459.610618614,14436.285966023677,1832523.0450530194,9.429991216757548,8.995783521547544,9.076487786737085,8.870068997450547,9.546420523927479,9.024514557495136,8.873452874232896,8.714183682747281,6.5694359935169215e-9,7.592468475116511e-9,-1.162449221817131e-8,7.202740483628856e-10,-1.4559335864623928e-8,-1.0353025013553413e-9,1.4334093274064248e-8,8.91974962686384e-9,1.7114892111520173e-11,1.5609325244483437e-11,3.142462094733894e-11,2.6609906719813842e-11,2.3287876191857444e-11,2.568910823318761e-11,3.813596158531609e-11,3.24806543189363e-11,-0.001694894607936719,7.029300990149081e-4,-0.003651798029188927,-0.0013085386274479414,-0.0041729861584553106,-0.006435925219896567,-0.00357589586585579,-0.005370976137099956,-2.901294472498347,-3.9995022507730735,-2.8425802788881884,-3.6300557333854413,-3.0572591306430867,-3.6779682393161206,-2.832234051731851,-3.8569530863157775,2.801980415727533,2.6834260197481483,2.6316528939485564,2.9280697102803463,3.878230503108585,4.37339157577753,2.831619279504676,4.204009831099544,0.026915335672428816,-0.015408436211522075,0.03954010765576505,0.024189123391977537,0.04124006413696112,0.07676880917105111,0.053579646106588004,0.10182311901864546,1.9294744138831046,1.0145636338337911,2.34892811104687,1.8693208094771674,2.543895227279805,2.533182976441801,2.794078298789577,3.04984445508705,32.7626932578969,21.33044915714875,38.77374225988708,26.648586384132106,41.19295037546956,31.62889091335894,43.28365215188444,36.32819294882282,0.0021916579608479247,0.005298279664720634,-0.0018079628558695857,0.003937973402789294,-0.0013835669220434786,0.006904414205117117,0.00465432740862017,0.0030760275477669007,2.7591302935048523,2.4487949517542744,2.700356916115971,1.862088313462084,2.548092364711791,1.6977235526849839,2.429581783747082,1.6321945478226387,116.93204663332104,122.06138219828473,117.69533575426311,139.61013547418628,120.71491615338739,154.91249334316922,122.74488148136938,167.58555855667598
DC127,-14.3211021,47.83933994,Madagascar,Lagnamena,0.24254889600000001,0.088995129,0.102133573,0.10638401,0.127769371,0.038268376,0.079988938,0.077629459,0.135391926,0.540061607,0.459048069,3577163.109092662,6300323.492131131,18493980.54067753,1881933.0196226616,180.23767258756035,0.6797888385618172,0.6292802328221628,0.3871998864798156,0.5121753982074974,0.4673713225764941,0.09252972354471956,423536.11211657117,492471.0860859219,9086240.591479193,69596.44383072517,4447425.777855674,30.604092440495375,30.22448601867369,29.437745369289917,31.47557165824502,28.50928861711547,33.27271425048944,30.27583784716527,35.52417262639763,4.2715246633131374e-8,-2.2801678433014844e-8,-4.6368361597315824e-8,5.528336060777138e-8,-2.6522352329372918e-8,2.9245794491593408e-8,-4.0904580560324894e-8,-1.4111621230102649e-8,-1.5841134729373054e-11,-5.458218913371901e-11,3.6050406458297534e-11,-2.23047073353244e-11,1.0309488085328245e-11,7.411702959311483e-12,2.5444806060379193e-11,-2.7169746845954404e-11,-0.0013638832233765304,5.471865231542763e-4,-0.001847376364511766,-7.017951562688766e-4,-0.0015138380114143608,-0.002337865044040165,-0.0029036876337132362,-0.0042651758347805714,-8.937954299716356,-10.118044524911186,-5.723619776942015,-8.365523241222055,-7.562140864145836,-9.635658806354071,-6.955569111861162,-11.923437895006789,7.316782052561038,8.686006252402173,5.573511036403191,8.026662934707431,5.87621291657858,9.486694200315561,6.258665147824102,10.454782511058548,0.011547097565530623,0.006229743218553413,0.019466293219426913,0.014776353792857176,0.018061415857293987,0.03898068961541464,0.028267561286440857,0.05612404410630503,0.5906678023824786,0.6923600721517694,1.743639570037072,1.5829600883046084,1.3271555986921715,2.051610657548615,1.5956242236639349,2.47100170247175,14.28769198317402,13.7530057501694,18.011524110944418,18.23519297950081,18.42098666379318,20.231857864214376,19.894243766431067,24.241962305219012,-0.017369482851624467,0.005671906496985409,-0.010391729955662654,0.003206324784386488,-0.015799730293987208,-0.001627626894259604,-0.00877985256785842,-0.0063592536432952275,2.022992261959065,1.8070462556607405,1.8206527194688944,1.756435039024419,1.8078971371998338,1.8080250816316465,1.8396719067681788,1.8005787407254696,130.63199440799045,138.02134799429038,136.8085734512819,148.84684776001004,138.8404335835471,160.03736902382917,138.52050941612262,170.06138309885503
DC128,-14.3211021,48.08933994,Madagascar,Maromanjo,0.271846106,0.080758409,0.132731484,0.100164707,0.123627904,0.0190092,0.076628386,0.074027343,0.148985256,0.585500706,0.442278089,4417044.453971484,9657698.973492917,15644395.784176687,2199618.6109294984,150.04052775951692,0.5653320046744408,0.5233397155131828,0.3217184576970896,0.4259051074080259,0.38862498800404105,0.07687360059647501,522978.0633502236,754903.6979620473,7686216.803932279,81344.88927521295,3635812.3479665206,39.24555856636501,38.784786607881124,37.85904130130263,40.40699009448867,36.60867663380133,42.80806295253057,38.83342630018855,45.632304747239054,5.8097971229944096e-8,-2.7279268673236274e-8,-6.675433368151587e-8,7.202199858374589e-8,-3.325968736103654e-8,3.487692760903718e-8,-4.344502172047058e-8,-2.0782448902503657e-8,-2.2614548443626167e-11,-7.157267850740885e-11,5.131589031020378e-11,-3.1521874168844443e-11,1.422196156372486e-11,1.0028124380949082e-11,3.4311867700890374e-11,-3.685341508748967e-11,-8.244494638190449e-4,3.308169672025082e-4,-0.001120790410665821,-4.250892129131499e-4,-0.0010221804101220532,-0.0015776811876055073,-0.0017564699508582514,-0.002587341331778023,-11.5553615368465,-12.900158768831254,-7.338036765473595,-10.667266137581176,-9.751483915740572,-12.384976800285562,-8.901288233303504,-15.14946971833318,9.255137133246963,11.133216994743076,7.318598001358304,10.202399236173715,7.596040591688177,12.17353571977022,7.9303605435972555,13.49548498552084,0.006860028019512617,0.003865152314191585,0.011835781480205006,0.009153899793470588,0.011302015100203741,0.024092997238556166,0.017331910812490955,0.034915306106425265,0.35953788107075674,0.4410884004066105,1.2891087463407178,0.9811348480115946,0.8552131947970635,1.282447207257363,1.033650119650667,1.5476908504198232,8.669280774141377,8.714986741521212,10.89442865666254,11.484558533604002,11.136641824625372,12.6883301635947,12.023181762230715,15.152864652531525,-0.022511402266148926,0.007323252960300152,-0.013695221280586232,0.003645645934644039,-0.020363633133939206,-0.0019267320281043158,-0.011469979880637284,-0.008968740377141154,2.0599680019787945,1.8093299863530177,1.8223367072930545,1.7574151133084859,1.8244268582841245,1.8060830228031215,1.862446716364784,1.800998668053982,129.6877258533669,137.72712782528305,136.76393766657046,148.8986529781294,138.14279993486682,159.95053438096187,137.56288711046835,169.8110098191281
DH123,-15.5711021,46.83933994,Madagascar,Andranoboka,0.258582628,0.089101478,0.104789704,0.115633227,0.118997556,0.064270712,0.073546201,0.075702269,0.120892767,0.568107036,0.453409504,390683.83659713255,93763.66017485812,30356373.552790802,2517894.0885243174,203.22002341656577,0.771757933744182,0.7164937550939241,0.44213903777038477,0.584006853669144,0.5327593502482479,0.10503987681554369,46256.966253100494,7329.130261227959,14914329.177474542,93115.14951729446,7402415.719094043,28.041337162718072,28.22540395661331,27.063953738623795,28.32696158884893,25.907261740252874,29.272367458611548,27.57298185150416,32.22634525345987,4.899828009034755e-9,-7.557469793837517e-8,-2.2603978001125553e-8,5.8379934759311095e-8,-4.487374148413367e-8,5.238033351801926e-9,-8.710096610317883e-8,-1.2203409804934543e-8,1.3473646422788876e-11,-3.963293587628735e-11,1.6666701830820144e-11,2.2352313441314673e-12,2.6897501600052818e-11,1.217507228500942e-11,5.223811407508851e-11,7.470145313452665e-12,-8.246437673196863e-4,3.321682914050306e-4,-5.01017903843592e-4,-1.936550733339934e-4,-0.0010365177097396154,-0.0016056433101347015,-0.0013843981216593324,-0.002154418256676975,-14.987581318770475,-14.903506322539558,-7.262856636258871,-9.40468602631081,-6.887109295866271,-10.199597223864858,-6.009806715080993,-10.071988468596198,9.687244842486747,10.318073591243714,8.348281795014818,10.180388871544796,8.002244533205634,10.0948968865581,6.312468068833949,8.683917692327634,5.236867635836488e-4,-2.9133052689833466e-4,0.026416031946845255,0.009625979781640934,0.020542155742900314,0.04604376411563785,0.023939226875100028,0.06455985768776194,1.0982433269859964,1.3212108157034688,1.7052893237100386,2.125658657333203,1.646213312614979,2.57900824923948,1.8647829506887112,3.093152833436772,18.98286542561579,18.773919625495722,26.36455320278939,26.72703791921847,26.011097087542453,29.660854753701297,27.31945084844257,33.13321708161585,-0.013026970742315753,2.6068163210403667e-4,-0.0069800729496128765,9.89884817382158e-4,-0.014140005816249496,0.004388685093617709,-0.006200204710836879,8.75207762736608e-4,2.050598066252715,1.8082015694066293,1.9026805977235413,1.7667936623281901,1.8659712560023605,1.8189823294185994,1.8475647995410565,1.8126337089579045,130.95325621046925,138.2957946806365,134.2462417598112,147.08280115309975,137.7755748213132,159.81148625589935,138.56481117654178,169.43246769348545
DH124,-15.5711021,47.08933994,Madagascar,Besakoa,0.263315011,0.072745856,0.123164047,0.101701651,0.134632763,0.085837867,0.071686739,0.057668272,0.122045137,0.560926564,0.471870778,361315.39629390877,238348.93994223504,15268733.642375616,2806007.01899418,196.981131969304,0.7466575364293029,0.6925297755042782,0.42686949932045853,0.5642596542198101,0.5148078077828419,0.10160285534664625,42779.7429211988,18630.783239524742,7501650.98836828,103769.95772421558,3678196.2596147456,40.30073069959571,40.499631578634975,38.82966442472928,40.723606273666114,37.247307565159424,42.13421374419802,39.58606241039719,46.25147651876477,4.0219817970033335e-9,-1.0543729106506794e-7,-2.6352082306182564e-8,7.505266103661777e-8,-5.2592103203944406e-8,1.0743905204358275e-8,-1.1916047155940311e-7,-1.542847782557254e-8,1.7054527580575103e-11,-5.837574049508241e-11,1.887664058950021e-11,-1.3709607818116043e-13,3.5297178298657654e-11,1.3264002309260364e-11,7.494355400653838e-11,7.759410798336824e-12,-8.244092519481931e-4,3.321627332846393e-4,-4.992361628602166e-4,-1.9196805627732315e-4,-8.094993156592561e-4,-0.001253979801092961,-0.0013935818347257857,-0.0021308702635710426,-20.5519279720562,-20.46161749246544,-9.971274984070897,-12.9958540690023,-9.782125483880403,-14.408443121520163,-8.590673721390242,-14.287090735249707,13.695329060105138,14.616357435465837,11.60080210364565,14.480879956707904,11.119776443958724,14.29224473800434,8.756012571408759,12.418463204879659,0.002012763831571656,-5.504253677712442e-4,0.01920542852176172,0.007685286194016744,0.01621100314107446,0.033865274085860514,0.01923506046077572,0.048046369335910416,0.7985482693531475,0.8489985715805735,1.2579346451577134,1.3480438641230408,1.2162412756131007,1.626198146085253,1.3992790915186477,1.9521721863576789,14.126029205037671,12.046305807613132,19.413361668591627,16.819698479256484,19.0658707004967,18.591774226110473,20.130180945566817,20.839169474522336,-0.01830179709113594,5.235932905429591e-4,-0.009948898214222998,0.0016641448958491334,-0.020417672714369797,0.005540913235045689,-0.008952351220379549,9.8077992596442e-4,2.1067231426048165,1.8197285125779314,1.9170518139307984,1.7708811926993249,1.8819702925231552,1.8203421340055537,1.8652885492418307,1.822441181646374,129.84756785224067,137.852502284776,133.89333494858303,146.91309818140684,137.29105661253243,159.85057464834404,138.07590042887148,169.06288272501277
DH124,-15.5711021,47.08933994,Madagascar,Tsinjoarivo,0.266733535,0.074323807,0.113443434,0.105990083,0.117985936,0.040801704,0.076112546,0.064344125,0.111637047,0.56049086,0.410881357,361315.39629390877,238348.93994223504,15268733.642375616,2806007.01899418,196.981131969304,0.7466575364293029,0.6925297755042782,0.42686949932045853,0.5642596542198101,0.5148078077828419,0.10160285534664625,42779.7429211988,18630.783239524742,7501650.98836828,103769.95772421558,3678196.2596147456,40.30073069959571,40.499631578634975,38.82966442472928,40.723606273666114,37.247307565159424,42.13421374419802,39.58606241039719,46.25147651876477,4.0219817970033335e-9,-1.0543729106506794e-7,-2.6352082306182564e-8,7.505266103661777e-8,-5.2592103203944406e-8,1.0743905204358275e-8,-1.1916047155940311e-7,-1.542847782557254e-8,1.7054527580575103e-11,-5.837574049508241e-11,1.887664058950021e-11,-1.3709607818116043e-13,3.5297178298657654e-11,1.3264002309260364e-11,7.494355400653838e-11,7.759410798336824e-12,-8.244092519481931e-4,3.321627332846393e-4,-4.992361628602166e-4,-1.9196805627732315e-4,-8.094993156592561e-4,-0.001253979801092961,-0.0013935818347257857,-0.0021308702635710426,-20.5519279720562,-20.46161749246544,-9.971274984070897,-12.9958540690023,-9.782125483880403,-14.408443121520163,-8.590673721390242,-14.287090735249707,13.695329060105138,14.616357435465837,11.60080210364565,14.480879956707904,11.119776443958724,14.29224473800434,8.756012571408759,12.418463204879659,0.002012763831571656,-5.504253677712442e-4,0.01920542852176172,0.007685286194016744,0.01621100314107446,0.033865274085860514,0.01923506046077572,0.048046369335910416,0.7985482693531475,0.8489985715805735,1.2579346451577134,1.3480438641230408,1.2162412756131007,1.626198146085253,1.3992790915186477,1.9521721863576789,14.126029205037671,12.046305807613132,19.413361668591627,16.819698479256484,19.0658707004967,18.591774226110473,20.130180945566817,20.839169474522336,-0.01830179709113594,5.235932905429591e-4,-0.009948898214222998,0.0016641448958491334,-0.020417672714369797,0.005540913235045689,-0.008952351220379549,9.8077992596442e-4,2.1067231426048165,1.8197285125779314,1.9170518139307984,1.7708811926993249,1.8819702925231552,1.8203421340055537,1.8652885492418307,1.822441181646374,129.84756785224067,137.852502284776,133.89333494858303,146.91309818140684,137.29105661253243,159.85057464834404,138.07590042887148,169.06288272501277
DH125,-15.5711021,47.33933994,Madagascar,Antafiatambalaka,0.255353876,0.068228651,0.119006816,0.090382734,0.124052479,0.068889977,0.057724122,0.094443475,0.134837878,0.532972076,0.479947931,353287.052420727,672955.7840791797,30398681.182242986,3160035.337320717,177.90000551547894,0.67368195041823975,0.6244979862534592,0.38458959699604206,0.5087342134830574,0.4641945775556335,0.09160938943025185,41829.18700661407,52602.26181833317,14935115.254285436,116862.40666580398,7393119.121743254,38.44445969456426,38.560315949268194,36.83654046136438,38.8582020910021,35.69281615428579,40.372450811845596,37.72262424513731,44.005209621915014,5.051050175696559e-9,-9.960792093870604e-8,-2.6618712565095026e-8,7.08408304647348e-8,-5.1647150601714544e-8,1.0673472265111094e-8,-1.2084792907789498e-7,-1.7717193063318884e-8,1.3940680087033444e-11,-5.679346414804638e-11,1.6059576095198877e-11,-1.6791410960079548e-12,3.039270483974744e-11,9.924434917486455e-12,6.878805556209171e-11,4.183814462009517e-12,-8.942972882457717e-4,3.603409959863485e-4,-5.556531126267877e-4,-2.1274697438182995e-4,-0.00069084597398402065,-0.0010701776120790032,-0.001564070456059913,-0.0023572431137284587,-18.084982584771602,-18.174836713637983,-9.046150093739458,-12.037157353481637,-9.061647242015939,-13.481025108992425,-8.027809780863928,-13.82575444341067,12.66458130386448,13.637539672399228,10.473380336839892,13.373016920909533,10.23907956274583,13.309524511442243,8.136434146942726,11.650705071100719,0.0035381764730794373,-8.217176690063691e-4,0.016087817626320812,0.006946518492618795,0.014432343955523478,0.02850417216899669,0.01803690980574397,0.040991503696649056,0.6624176354826766,0.5823726574845293,1.0673306450370899,0.9085103166622338,1.0321921208563867,1.087234516304373,1.2126424778971228,1.3089881365841916,12.13729944503368,8.233617043371977,16.43794535013701,11.231773427041144,16.023400906171762,12.342247934469771,17.093073515277812,13.859468231486773,-0.017470710632842584,6.837686792493723e-4,-0.009466468010352457,0.0016670015099495216,-0.019265162701357925,0.0035618649749010645,-0.008582635079074754,5.490592588493963e-4,2.1742832934234686,1.8473161706517738,1.9292485904335972,1.7824334344246622,1.902357510306343,1.8257258334655642,1.8792567903766866,1.8282538076371517,128.49764148295316,137.036451516853,133.56119884801973,146.49879257794493,136.6640715056719,159.66679465752375,137.61157708344712,168.7992109746109
DI123,-15.8211021,46.83933994,Madagascar,Analanabe,0.237812402,0.054894231,0.108075185,0.095115974,0.125525081,0.056057383,0.068888591,0.100790792,0.129224051,0.495897792,0.480485897,294533.9824533893,62775.1602254018,30588344.9820557,2698007.2256992175,201.61420893202757,0.767277518523927,0.7127383882961194,0.4404251764527084,0.5810214001598208,0.5299790418128406,0.1045175154222432,34872.82352248129,4906.883174178757,15028298.596443823,99775.97841176916,7526320.858723689,36.416677406631585,36.69926975195206,35.35221025921182,36.85049542685814,33.51071234269981,37.84457867605393,35.94502103134729,42.09477241244835,6.49388338129744e-9,-9.29046666028285e-8,-3.12031181547162e-8,7.481572251674759e-8,-5.56493905256127e-8,7.48537880715848e-9,-1.056870570020038e-7,-1.4354009921163835e-8,2.2194463958113543e-11,-4.9698887809715674e-11,3.368224116604143e-11,1.0046270374414542e-11,4.2400693928737457e-11,2.2636558353171366e-11,7.621358003981868e-11,1.5656512375271898e-11,-4.8418033864374696e-4,1.9497043849700014e-4,-2.9278413411599986e-4,-1.1454264501875026e-4,-7.732364807885953e-4,-0.0011977961896381588,-7.503518025040181e-4,-0.0012025716958056916,-21.109541016604183,-20.97972718247146,-10.053334370837753,-12.824691562653927,-9.211012149380435,-13.59007765531308,-7.943775942727862,-13.157000287912668,13.197829617585983,13.842396233621015,11.465799926473917,13.6161333576293,10.504402985112096,13.337516946645358,8.47573197670628,11.423914341045343,-0.0012879950713405018,3.909845555532687e-4,0.026284634588188534,0.00869380470770315,0.018667870771061017,0.04524769261420997,0.02180843672856406,0.06309497344612669,1.0585901573909908,1.4116603583988818,1.6536503763227084,2.303211510400586,1.6016730758886646,2.8325203066714555,1.768620746038506,3.3873690455866914,18.036032041779016,20.137143796117996,25.760744850185684,29.41338059006123,25.65567206908204,32.85448542891559,26.813230769179974,36.374056605892214,-0.017265390540073516,2.847819406812807e-4,-0.00933698191260912,0.0010892091553668189,-0.01868296162060509,0.007915941197341757,-0.008043391583731938,0.001767861292358457,2.065843268131099,1.8028919815510465,1.912515210271484,1.7719347536547518,1.871857101784519,1.8173775757104642,1.8538412809437792,1.813041449081285,130.6981296918523,138.46648211515614,134.0655476818936,146.87232090899198,137.76404245759713,160.25219652716603,138.4065731204118,169.77879176446382
ET70,-25.0711021,33.58933994,Mozambique,Cumbane,0.188145794,0.109504236,0.111795167,0.056883277,0.106944359,0.034175697,0.098301294,0.075220598,0.109460447,0.466328474,0.424102395,0,0,0,2280038.125577819,48.41606579237123,0.33836726536941264,0.5576273474531207,0.45054588317006034,0.4436795026301213,0.41090229359298813,0.0597195785338089,0,0,0,84318.9123545456,84318.9123545456,18.325259891122236,18.56257087950483,18.870677672097113,19.704723053481345,19.517538209707688,21.211384014743512,18.955683930917782,21.32196887192457,4.838805198149875e-8,-2.0184044690265345e-8,-1.1820135250635374e-7,-2.572002441237008e-8,6.013895093837235e-8,4.608700425899283e-8,-9.829518992208448e-8,-5.185065774955954e-8,7.396631396164318e-11,-6.557563746958888e-12,5.772461843914029e-11,4.9624793408076676e-11,5.203161527695974e-11,6.787954907191336e-11,3.65938513510127e-11,1.2588963871728716e-10,0,0,0,0,0,0,0,0,-14.277052327546546,-15.945948078466548,-10.44968524845237,-13.092851648672475,-11.66761352995622,-16.96242212106398,-11.287705723861254,-16.97295744515221,12.881313308511968,12.299655076217464,10.063391169024479,12.910719871983236,9.140193754806083,17.055488020643875,9.67194033995102,15.91029869533316,0.001537700816575366,-0.022469933218530008,0,0,0,0,0,0,1.7817113824717,0,0,0,0,0,0,0,20.25529748646105,0,0,0,0,0,0,0,0.006840035150525081,0.0031514189886445404,-0.006640058664129322,0.02585189447921391,-0.00789641079103361,0.013202778169096312,-0.0029301525948290134,0.004417059585741491,2.5178930363213996,2.411789022768139,2.3963690691428883,2.030715402876155,2.3468221923531902,2.147498389653712,2.24682789729863,2.1950293579413724,120.20750181863937,122.72324378071828,122.60287596677217,137.561261788387,124.5475004186807,143.91887759079063,127.45488719724368,150.50821250110857
ET70,-25.0711021,33.58933994,Mozambique,Mahilene,0.187369155,0.0955061,0.117781583,0.049257814,0.101082095,0.02295089,0.087890035,0.067253855,0.109498651,0.449914651,0.388675526,0,0,0,2280038.125577819,48.41606579237123,0.33836726536941264,0.5576273474531207,0.45054588317006034,0.4436795026301213,0.41090229359298813,0.0597195785338089,0,0,0,84318.9123545456,84318.9123545456,18.325259891122236,18.56257087950483,18.870677672097113,19.704723053481345,19.517538209707688,21.211384014743512,18.955683930917782,21.32196887192457,4.838805198149875e-8,-2.0184044690265345e-8,-1.1820135250635374e-7,-2.572002441237008e-8,6.013895093837235e-8,4.608700425899283e-8,-9.829518992208448e-8,-5.185065774955954e-8,7.396631396164318e-11,-6.557563746958888e-12,5.772461843914029e-11,4.9624793408076676e-11,5.203161527695974e-11,6.787954907191336e-11,3.65938513510127e-11,1.2588963871728716e-10,0,0,0,0,0,0,0,0,-14.277052327546546,-15.945948078466548,-10.44968524845237,-13.092851648672475,-11.66761352995622,-16.96242212106398,-11.287705723861254,-16.97295744515221,12.881313308511968,12.299655076217464,10.063391169024479,12.910719871983236,9.140193754806083,17.055488020643875,9.67194033995102,15.91029869533316,0.001537700816575366,-0.022469933218530008,0,0,0,0,0,0,1.7817113824717,0,0,0,0,0,0,0,20.25529748646105,0,0,0,0,0,0,0,0.006840035150525081,0.0031514189886445404,-0.006640058664129322,0.02585189447921391,-0.00789641079103361,0.013202778169096312,-0.0029301525948290134,0.004417059585741491,2.5178930363213996,2.411789022768139,2.3963690691428883,2.030715402876155,2.3468221923531902,2.147498389653712,2.24682789729863,2.1950293579413724,120.20750181863937,122.72324378071828,122.60287596677217,137.561261788387,124.5475004186807,143.91887759079063,127.45488719724368,150.50821250110857
EW66,-25.8211021,32.58933994,Mozambique,Gazene,0.302244824,0.101520979,0.100894801,0.06438016,0.103348079,0.040086579,0.122661672,0.093861271,0.12874072,0.569040764,0.488698321,0,0,3001186.406502782,2200291.798636145,53.896847388853516,0.37095267495615547,0.625713314578752,0.5047327190457429,0.4962583480118008,0.4604902259383744,0.06750079365958625,0,0,1474506.8910060683,81369.78467261796,1106091.176818876,15.985938219164497,16.207020341545327,16.4649026103708,16.522339113868764,16.843064430846216,17.441061543080245,16.496466352551472,17.568631122082483,2.79917643205226e-8,-7.512298599214455e-9,-6.793089989889567e-8,-2.600559931808966e-8,1.8448433180439213e-7,-1.1032600482661915e-7,-1.111114093966092e-7,-6.336054459195777e-8,7.547259620641283e-11,-3.449251270392957e-11,1.2856462241089434e-11,6.024095401559754e-11,2.8734814702901137e-11,8.23876580865625e-11,7.928985847260831e-11,1.246319292660979e-10,0,0,0,0,0,0,0,0,-16.115025716777687,-16.449739714725776,-10.080114720063223,-10.881291840134631,-11.694638667660177,-14.460069788079677,-9.700668292615944,-14.387455176664366,12.35228674510816,13.869730018596094,10.630127553418221,12.709022888207361,8.91701462307104,14.856189549569262,8.096551084737483,13.40627736203129,3.986864489012243e-4,-0.0038220203290638124,0,0,0,0,0,0,0.3184664992355434,0,0,0,0,0,0,0,3.8432259621850418,0,0,0,0,0,0,0,0.0057989067493489305,0.010174155388260437,-0.002074078118691331,0.023886663284876448,-0.0043201717679265984,-0.0014088889771543488,-0.0035933043478573287,0.010447328655233713,2.6417922942799494,2.498581196792618,2.62401711268237,2.142288230047493,2.4574773208014546,2.1669390980571377,2.4052500924426243,2.243141060235909,118.04487287597122,121.18162490616933,118.18884565004184,133.43601850577448,122.61367893644535,143.38363429323545,123.85656704348555,147.89326730489847
EX67,-26.0711021,32.83933994,Mozambique,Farol,0.278060257,0.11342308,0.090175359,0.04573158,0.116297231,0.064555647,0.114156523,0.087353092,0.110146004,0.527390275,0.492508496,0,0,4149283.091918632,1630852.355501197,60.88715275558534,0.41924824318945353,0.7077161654067023,0.5706153601781998,0.5610029074891756,0.5207184322183982,0.0764334903010197,0,0,2038575.9773243594,60311.13922354292,1617829.3784865842,14.827208791491651,15.069141093160866,15.292198635995883,15.341379023178964,15.623840690471146,16.109071461973823,15.307990624580457,16.286040433858602,2.7692769672067232e-8,-9.998570507255596e-9,-6.398084536337339e-8,-2.6204779423538597e-8,1.6564741393673775e-7,-1.2575145250250542e-7,-9.403865868050361e-8,-5.450894046472634e-8,6.992221970820002e-11,-3.2208503604707614e-11,1.1904593121553431e-11,5.963596691871238e-11,1.925185325012164e-11,8.68618890857793e-11,8.186852769274279e-11,1.2629748529772108e-10,-1.607375017269036e-4,6.95664506654584e-5,0,0,-3.758736776709365e-4,-5.731803879217347e-4,0,0,-15.438218679874687,-15.916915293349312,-9.706886564463325,-10.313099491635086,-11.19493983697765,-13.818973998293497,-9.297579273267996,-13.711903893480411,11.974064353756518,13.526662002531324,10.22715024547965,12.499788848335344,8.82752276654023,14.308588171787568,7.644029868386871,12.784766599124195,4.276973398740607e-4,-0.004044994454320333,-4.827917519109964e-5,0.0020505591080311795,0.002307446736163726,0.0034666837409912553,0.001190644364477673,0.0019355632192225023,0.3472757109165677,0,0.08110802473506591,0,0.10267464796533117,0,0.11036685128387035,0,4.187232086877556,0,1.2405278832145652,0,1.3037717045750292,0,1.2290549608905155,0,0.005042194124146429,0.01181027709300202,-0.0013621981984844318,0.0248473897909954,-0.003424510550322825,-0.0021212525914678037,-0.0029991482989820883,0.010274142504260508,2.7186037606589983,2.5671406752785804,2.70966211135365,2.159874000970461,2.5198112599151314,2.1531793235316505,2.4465535153390072,2.212674928921838,116.85701369361914,119.93250004199648,116.91588536058467,132.47668392454125,121.36367327068109,142.8571842645901,122.90776816973383,147.81013204232482
