ID,Country,Villages,CoralExt,seagrassExt,mangroveExt,Cropland,Nb_sp,FRic,FDiv,FEve,FDis,FSpe,FOri,std_corals,std_seagrass,std_mangrove,std_cropcover,std_Nb_sp,std_FRic,std_FDiv,std_FEve,evspsbl_245_2050,evspsbl_370_2050,evspsbl_585_2050,npp_245_2050,npp_370_2050,npp_585_2050,pH_trend_245_2050,pH_trend_370_2050,pH_trend_585_2050,tap_trend_245_2050,tap_trend_370_2050,tap_trend_585_2050,sst_trend_245_2050,sst_trend_370_2050,sst_trend_585_2050,ts_trend_245_2050,ts_trend_370_2050,ts_trend_585_2050,cdd_245_2050,cdd_370_2050,cdd_585_2050,r10p_245_2050,r10p_370_2050,r10p_585_2050,sst90p_245_2050,sst90p_370_2050,sst90p_585_2050,ts90p_245_2050,ts90p_370_2050,ts90p_585_2050,sea_level_245_2050.x,sea_level_370_2050.x,sea_level_585_2050.x,TC.x,tc_245_2050.x,tc_370_2050.x,tc_585_2050.x,sea_level_245_2050.y,sea_level_370_2050.y,sea_level_585_2050.y,TC.y,tc_245_2050.y,tc_370_2050.y,tc_585_2050.y,hzd.mn.ssp245.2050,hzd.mn.ssp370.2050,hzd.mn.ssp585.2050,exp.mn.wioo,hzd.sd.ssp245.2050,hzd.sd.ssp370.2050,hzd.sd.ssp585.2050,exp.sd.wioo,wgts.Exp,wgts.ssp245.2050,wgts.ssp370.2050,wgts.ssp585.2050,imp.ssp245.2050,imp.ssp370.2050,imp.ssp585.2050
BF100,Kenya,Faza,10330563.91138661,14183013.723966604,13885000.926068375,1407413.7766649371,156.17546989232918,0.6961725980290682,0.6664615574061881,0.4567882973378102,0.5285273284103889,0.4880645432703784,0.10514292989732213,0.2881683232228643,0.31592259971806963,0.34745351270916847,0.18588924353639902,0.41164699504402863,0.6961725980290682,0.6664615574061881,0.4567882973378102,0.30719967872594267,0.25319018815607097,0.27765519782636644,0.37371705759922924,0.36004266644034455,0.4643978873494053,0.014643156125073624,0.038641072767180554,0.03374688358567812,0.3268681879891826,0.3363680219041569,0.4359840017885185,0.029819105931632832,0.050269201975891194,0.040902425167104586,0.4235988153436743,0.5158904604321295,0.5923241022806145,0.3345823543465425,0.3360522912905505,0.3327961369749156,0.19511835007504405,0.21646717510255148,0.21553700026155845,0.04202079716834167,0.07570616867574581,0.0474438890411892,0.4732794721656063,0.42984615860882514,0.480139219486893,0.34651859511465116,0.499530313514557,0.6106140751639352,0.08082362166246351,0.006110839464130176,0.006110839464130176,0.006110839464130176,0.34651859511465116,0.499530313514557,0.6106140751639352,0.08082362166246351,0.006110839464130176,0.006110839464130176,0.006110839464130176,0.3410697926422636,0.3839000798932704,0.44506305112667216,0.5577673619542737,0.21816666710690172,0.23155101825378965,0.2788429111721954,0.14551051946114965,0.33530449353930936,0.46653690784745316,0.48026673156844724,0.527187668987131,0.3998238204475233,0.4170825709468755,0.43266308838463374
BF101,Kenya,Kiwayu,8857903.818491228,31228331.35833828,24671670.060801633,1022709.579146371,168.16232920109596,0.7513547617157678,0.719462325889609,0.493722669998012,0.5707258028463803,0.5269160973934611,0.1136225900504707,0.24908808395453758,0.3010485028930022,0.30929436261777576,0.1662909632389947,0.44276494211205114,0.7513547617157678,0.719462325889609,0.493722669998012,0.2937544457673731,0.242754188654465,0.2818200400582435,0.33782970566811416,0.33767850769137026,0.43099642407554045,0.018087456527762422,0.04235672999486376,0.03705399753309468,0.30841896254968953,0.3210303542507811,0.41562031510418634,0.037583847938088666,0.05628370830418492,0.05201540957194418,0.4191527128548284,0.5096191252898473,0.5962821828066772,0.3183859118214395,0.3196735416616201,0.3169327354095517,0.18107325453175496,0.2021447763443707,0.2012738824814181,0.052683592603315496,0.08187263640009172,0.059752986173174205,0.4875913740923392,0.43614602325858726,0.4956831883069161,0.3582065739769129,0.505760519461877,0.6183689964321344,0.08680021310554328,0.006562900516618968,0.006562900516618968,0.006562900516618968,0.3582065739769129,0.505760519461877,0.6183689964321344,0.08680021310554328,0.006562900516618968,0.006562900516618968,0.006562900516618968,0.34045581774356504,0.3832050960722479,0.4481737702665881,0.60182617492886,0.21752587008845495,0.23258604189218365,0.2807120588485065,0.15747241016458327,0.3623913703238959,0.46583978381260316,0.48127589239436236,0.5288264752748747,0.4331215051395588,0.45116105021708425,0.4697307730102858
BF101,Kenya,Ndau,8857903.818491228,31228331.35833828,24671670.060801633,1022709.579146371,168.16232920109596,0.7513547617157678,0.719462325889609,0.493722669998012,0.5707258028463803,0.5269160973934611,0.1136225900504707,0.24908808395453758,0.3010485028930022,0.30929436261777576,0.1662909632389947,0.44276494211205114,0.7513547617157678,0.719462325889609,0.493722669998012,0.2937544457673731,0.242754188654465,0.2818200400582435,0.33782970566811416,0.33767850769137026,0.43099642407554045,0.018087456527762422,0.04235672999486376,0.03705399753309468,0.30841896254968953,0.3210303542507811,0.41562031510418634,0.037583847938088666,0.05628370830418492,0.05201540957194418,0.4191527128548284,0.5096191252898473,0.5962821828066772,0.3183859118214395,0.3196735416616201,0.3169327354095517,0.18107325453175496,0.2021447763443707,0.2012738824814181,0.052683592603315496,0.08187263640009172,0.059752986173174205,0.4875913740923392,0.43614602325858726,0.4956831883069161,0.3582065739769129,0.505760519461877,0.6183689964321344,0.08680021310554328,0.006562900516618968,0.006562900516618968,0.006562900516618968,0.3582065739769129,0.505760519461877,0.6183689964321344,0.08680021310554328,0.006562900516618968,0.006562900516618968,0.006562900516618968,0.34045581774356504,0.3832050960722479,0.4481737702665881,0.60182617492886,0.21752587008845495,0.23258604189218365,0.2807120588485065,0.15747241016458327,0.3623913703238959,0.46583978381260316,0.48127589239436236,0.5288264752748747,0.4331215051395588,0.45116105021708425,0.4697307730102858
BG99,Kenya,Matondoni,11224007.338500135,19672973.428946327,12056981.377105594,2262746.8688809257,140.09943574427916,0.6215156562940207,0.5943337214052733,0.4066627379253935,0.4715286652607288,0.43547266845621224,0.09350455965617929,0.2757463508887185,0.2795387870695942,0.2871888645503202,0.2681364885540405,0.3710179395608178,0.6215156562940207,0.5943337214052733,0.4066627379253935,0.31579001345701807,0.2570758937794993,0.2715805144341372,0.39617528592148105,0.3602702244148357,0.4742525537430036,0.020313260723656936,0.08330955341718661,0.07611278512861784,0.3220395684011426,0.3299769818459705,0.43137934806369416,0.036947889829707335,0.1006252032643697,0.04923528815439023,0.4246999054357815,0.5163662623056197,0.5885081857276128,0.3271820341173615,0.32894738870836115,0.32527851684391895,0.2013030090153177,0.225074420091714,0.22321662885846502,0.051592068475145025,0.1618575363628154,0.05757225113961659,0.46635017182843147,0.4332980950452712,0.4731503400304412,0.33847524762261205,0.49566757604235867,0.6055810429904644,0.08358880582857849,0.0063355881409238955,0.0063355881409238955,0.0063355881409238955,0.33847524762261205,0.49566757604235867,0.6055810429904644,0.08358880582857849,0.0063355881409238955,0.0063355881409238955,0.0063355881409238955,0.3430241085527915,0.3946046118958002,0.44589093961471676,0.4983825137963763,0.22134323914586337,0.23388395881345417,0.27744349001149293,0.12891852167510978,0.29813579070967816,0.46978638741304707,0.48247970338232077,0.5259567065293198,0.35424733712449213,0.37587212178293855,0.38572544306231815
BK95,Kenya,Uyombo,9384370.42055595,9143672.899126818,4372078.962993247,4075930.7238910343,129.79729205025535,0.5659596031482647,0.5399562932598084,0.3663884080986087,0.42839918810518857,0.3959571286918327,0.08393179987161262,0.24834489518413919,0.21463501910123475,0.20829107142131176,0.44184906615370434,0.35242814976055853,0.5659596031482647,0.5399562932598084,0.3663884080986087,0.34979616992583773,0.29886762292033126,0.34062483929000853,0.44023771968143965,0.40412240740457533,0.595278100174273,0.017557357007223856,0.028495555298737495,0.023108672365086555,0.37937026101249754,0.3959084824472858,0.5265389128511565,0.031628399643250815,0.03690252746868966,0.04198934559966135,0.4375759000690482,0.5232400432194915,0.5879065224401581,0.39330869480558184,0.39634355258144316,0.39136427167163584,0.2807310081576922,0.3279869619909353,0.2885384681349028,0.04259721212961255,0.05224852836936188,0.04814934049247608,0.4654230991080587,0.43871095937290344,0.4756011870368133,0.3585006925404331,0.5049770032576166,0.6125450015857418,0.10171308843576876,0.007804668022869644,0.007804668022869644,0.007804668022869644,0.3585006925404331,0.5049770032576166,0.6125450015857418,0.10171308843576876,0.007804668022869644,0.007804668022869644,0.007804668022869644,0.3549571634338894,0.39325442509817526,0.4579172675427522,0.4561831135668101,0.20875992087080586,0.22020094720773928,0.27524933789293476,0.11353043167341209,0.26685391473248243,0.45632704261223916,0.46818171346436427,0.5237884728437809,0.33558164975401256,0.34813475932628185,0.361950550342689
BK96,Kenya,Mida,4303859.385240072,4015867.996299359,5221022.00312447,3124731.893501964,163.91547158565746,0.7152037677930873,0.6823048072497435,0.46302611553635076,0.5412783633371264,0.5003206577233033,0.10601851150972612,0.220888075734502,0.18410788170350076,0.21810304477456108,0.3299510526469517,0.44417567652736434,0.7152037677930873,0.6823048072497435,0.46302611553635076,0.2664223104388625,0.229330095330707,0.2528484161238225,0.3380305005738931,0.30886141224980523,0.4516933786831248,0.019136325652826996,0.02978263728242879,0.024585153384737102,0.29068275796798565,0.3015893750751682,0.4001830029310496,0.03403198400161341,0.040325961818818576,0.04494328067973925,0.43148993671693253,0.5150595481383099,0.5850280426424922,0.29938268306638177,0.3016288688827284,0.2980050993273984,0.2076646225998218,0.24486698937441065,0.21840932831436782,0.04628657652386403,0.05771160098576412,0.05215976473833186,0.47001448797809947,0.44491181678200503,0.4833060812169126,0.3617068689744442,0.5071737242546773,0.6151843454567363,0.09909161150897178,0.007605075956356875,0.007605075956356875,0.007605075956356875,0.3617068689744442,0.5071737242546773,0.6151843454567363,0.09909161150897178,0.007605075956356875,0.007605075956356875,0.007605075956356875,0.3376327529183614,0.38061798974404626,0.44285552133944,0.5761775917766365,0.21140264903061956,0.22907950667264268,0.2810941617963105,0.1435076894060806,0.33728530523624795,0.4591893033082118,0.4774020177215884,0.5292576461195097,0.4133137971258891,0.4293750099919016,0.44482353814346476
BO94,Kenya,Gazi,8892897.747872507,5528667.908705101,7733335.19664504,2720499.703470376,149.9703089024371,0.6459267805253369,0.6158429215811153,0.4165617775968886,0.4880853485761604,0.45137178600009004,0.09576998228073841,0.24671198729818888,0.2016148498312488,0.21291707549485944,0.3061786079880845,0.4123861582807803,0.6459267805253369,0.6158429215811153,0.4165617775968886,0.23604158365149117,0.2298246431385906,0.2583602785223549,0.2932919387729012,0.2765979187555663,0.37366208473738544,0.04739297303056523,0.12391530600119287,0.06492349783096603,0.26064007880016854,0.273744840373734,0.3651025155558057,0.10863589842974673,0.11090070846733437,0.14840228316797782,0.41572291176203996,0.5151212538546304,0.6074576370259364,0.2671543912323419,0.2730729761776675,0.2648823040894336,0.21138497123526734,0.282394985554799,0.21319320939738984,0.17447586141814714,0.19000601313810087,0.19871971409121023,0.46599469282001443,0.45970110595994323,0.48653516293060234,0.3811227479256749,0.5186213426002019,0.6359679794558784,0.10622927058068335,0.008310305409272854,0.008310305409272854,0.008310305409272854,0.3811227479256749,0.5186213426002019,0.6359679794558784,0.10622927058068335,0.008310305409272854,0.008310305409272854,0.008310305409272854,0.34176581593409505,0.3969957146134477,0.4543944458096437,0.5226794094960303,0.20957352150065212,0.23039739389013328,0.2755611665338991,0.12668516509810546,0.3010524114798459,0.4571814391764874,0.47879240040553867,0.5238268840217865,0.37567904022845866,0.3961642075747723,0.4106881799975562
BP93,Kenya,Vanga,11548494.275289778,7322651.569391949,5509486.339402012,2546757.229659366,160.43158267430965,0.6857760674704441,0.6537017492395859,0.44175838822292685,0.5175908875782225,0.478941474232888,0.101963054450378,0.3014518857243144,0.27233607291934653,0.2578460867834479,0.29017837572980704,0.4457080444761995,0.6857760674704441,0.6537017492395859,0.44175838822292685,0.22882572001021506,0.23810974487353628,0.26076357475539214,0.3290249163502768,0.2908643624737259,0.37581304428779316,0.0614808053093419,0.07383258993054707,0.061336933940616706,0.27428873899061407,0.2833705561440226,0.37594365022377513,0.10693221042307338,0.11120082226985507,0.13876291019944642,0.40941441687974395,0.5165704012567425,0.6137132758356455,0.26911926534376146,0.276251486884257,0.26621053184916005,0.22013638497100255,0.2907103516544897,0.22544461818656245,0.14172265321901456,0.15375205821404206,0.16372879371825313,0.4611022674973942,0.45727748466600493,0.4814655089955795,0.3779849776399315,0.5156417651822669,0.630947041296449,0.1058374808566635,0.008330722231223914,0.008330722231223914,0.008330722231223914,0.3779849776399315,0.5156417651822669,0.630947041296449,0.1058374808566635,0.008330722231223914,0.008330722231223914,0.008330722231223914,0.34222575091243596,0.3961977169182717,0.4527900932129065,0.556736062352289,0.2093038016420602,0.23110816708682164,0.2758582440504972,0.13226844784014638,0.3169133040661639,0.45687661802425367,0.4794272235967705,0.5239993954088356,0.40215278432278617,0.42205679393225193,0.4367177537396142
BQ92,Tanzania,Boma Subutuni,10695783.963392138,10823959.364021724,8481174.028291114,1755714.866198112,151.67851275062492,0.644810959011428,0.6146308802762459,0.41515090323229237,0.48628083859712556,0.45022736665972757,0.09615267713161432,0.30011811187396964,0.2939822902848528,0.2568682138742033,0.23246852784854524,0.42533028506187714,0.644810959011428,0.6146308802762459,0.41515090323229237,0.2574673035620948,0.269339167165145,0.31637091399094075,0.3405761349117426,0.3268082798717486,0.40232486728081995,0.05487635478343725,0.05849456937192365,0.04901284774500921,0.3049315854069412,0.3118431243273262,0.41142195077170673,0.0913219064139081,0.09491026847772455,0.11693359816534396,0.4050869028991389,0.5190888520541479,0.6185965831211886,0.28556382992421714,0.29572231075923855,0.28144600732199426,0.24293988199829833,0.340707684222264,0.26787480244418405,0.11564781208385845,0.1250982868215773,0.13373487718815968,0.45618352147541574,0.4472253101785518,0.47626234153108865,0.37296060512655504,0.5116614093304594,0.6247367703624942,0.11204238081103114,0.008878733218473902,0.008878733218473902,0.008878733218473902,0.37296060512655504,0.5116614093304594,0.6247367703624942,0.11204238081103114,0.008878733218473902,0.008878733218473902,0.008878733218473902,0.34135847331332697,0.39880625815325876,0.45496313781187586,0.5249807568954609,0.20386796584531033,0.23013980187685856,0.27152513768252606,0.1227506968161615,0.29602563857200137,0.45082635826855155,0.4785004612562523,0.51983267281187,0.38021027540307706,0.39846077380048034,0.4120009920561749
BQ92,Tanzania,Moa,10695783.963392138,10823959.364021724,8481174.028291114,1755714.866198112,151.67851275062492,0.644810959011428,0.6146308802762459,0.41515090323229237,0.48628083859712556,0.45022736665972757,0.09615267713161432,0.30011811187396964,0.2939822902848528,0.2568682138742033,0.23246852784854524,0.42533028506187714,0.644810959011428,0.6146308802762459,0.41515090323229237,0.2574673035620948,0.269339167165145,0.31637091399094075,0.3405761349117426,0.3268082798717486,0.40232486728081995,0.05487635478343725,0.05849456937192365,0.04901284774500921,0.3049315854069412,0.3118431243273262,0.41142195077170673,0.0913219064139081,0.09491026847772455,0.11693359816534396,0.4050869028991389,0.5190888520541479,0.6185965831211886,0.28556382992421714,0.29572231075923855,0.28144600732199426,0.24293988199829833,0.340707684222264,0.26787480244418405,0.11564781208385845,0.1250982868215773,0.13373487718815968,0.45618352147541574,0.4472253101785518,0.47626234153108865,0.37296060512655504,0.5116614093304594,0.6247367703624942,0.11204238081103114,0.008878733218473902,0.008878733218473902,0.008878733218473902,0.37296060512655504,0.5116614093304594,0.6247367703624942,0.11204238081103114,0.008878733218473902,0.008878733218473902,0.008878733218473902,0.34135847331332697,0.39880625815325876,0.45496313781187586,0.5249807568954609,0.20386796584531033,0.23013980187685856,0.27152513768252606,0.1227506968161615,0.29602563857200137,0.45082635826855155,0.4785004612562523,0.51983267281187,0.38021027540307706,0.39846077380048034,0.4120009920561749
BQ92,Tanzania,Mwandusi,10695783.963392138,10823959.364021724,8481174.028291114,1755714.866198112,151.67851275062492,0.644810959011428,0.6146308802762459,0.41515090323229237,0.48628083859712556,0.45022736665972757,0.09615267713161432,0.30011811187396964,0.2939822902848528,0.2568682138742033,0.23246852784854524,0.42533028506187714,0.644810959011428,0.6146308802762459,0.41515090323229237,0.2574673035620948,0.269339167165145,0.31637091399094075,0.3405761349117426,0.3268082798717486,0.40232486728081995,0.05487635478343725,0.05849456937192365,0.04901284774500921,0.3049315854069412,0.3118431243273262,0.41142195077170673,0.0913219064139081,0.09491026847772455,0.11693359816534396,0.4050869028991389,0.5190888520541479,0.6185965831211886,0.28556382992421714,0.29572231075923855,0.28144600732199426,0.24293988199829833,0.340707684222264,0.26787480244418405,0.11564781208385845,0.1250982868215773,0.13373487718815968,0.45618352147541574,0.4472253101785518,0.47626234153108865,0.37296060512655504,0.5116614093304594,0.6247367703624942,0.11204238081103114,0.008878733218473902,0.008878733218473902,0.008878733218473902,0.37296060512655504,0.5116614093304594,0.6247367703624942,0.11204238081103114,0.008878733218473902,0.008878733218473902,0.008878733218473902,0.34135847331332697,0.39880625815325876,0.45496313781187586,0.5249807568954609,0.20386796584531033,0.23013980187685856,0.27152513768252606,0.1227506968161615,0.29602563857200137,0.45082635826855155,0.4785004612562523,0.51983267281187,0.38021027540307706,0.39846077380048034,0.4120009920561749
BQ92,Tanzania,Ndumbani,10695783.963392138,10823959.364021724,8481174.028291114,1755714.866198112,151.67851275062492,0.644810959011428,0.6146308802762459,0.41515090323229237,0.48628083859712556,0.45022736665972757,0.09615267713161432,0.30011811187396964,0.2939822902848528,0.2568682138742033,0.23246852784854524,0.42533028506187714,0.644810959011428,0.6146308802762459,0.41515090323229237,0.2574673035620948,0.269339167165145,0.31637091399094075,0.3405761349117426,0.3268082798717486,0.40232486728081995,0.05487635478343725,0.05849456937192365,0.04901284774500921,0.3049315854069412,0.3118431243273262,0.41142195077170673,0.0913219064139081,0.09491026847772455,0.11693359816534396,0.4050869028991389,0.5190888520541479,0.6185965831211886,0.28556382992421714,0.29572231075923855,0.28144600732199426,0.24293988199829833,0.340707684222264,0.26787480244418405,0.11564781208385845,0.1250982868215773,0.13373487718815968,0.45618352147541574,0.4472253101785518,0.47626234153108865,0.37296060512655504,0.5116614093304594,0.6247367703624942,0.11204238081103114,0.008878733218473902,0.008878733218473902,0.008878733218473902,0.37296060512655504,0.5116614093304594,0.6247367703624942,0.11204238081103114,0.008878733218473902,0.008878733218473902,0.008878733218473902,0.34135847331332697,0.39880625815325876,0.45496313781187586,0.5249807568954609,0.20386796584531033,0.23013980187685856,0.27152513768252606,0.1227506968161615,0.29602563857200137,0.45082635826855155,0.4785004612562523,0.51983267281187,0.38021027540307706,0.39846077380048034,0.4120009920561749
BR92,Tanzania,Kwale,9880940.207655093,9145472.832613878,7634989.421326238,1099550.315443664,162.4575704935092,0.6884834382687988,0.6561682796933771,0.44335412916493155,0.5188421148698483,0.48057093605657997,0.10296314756391287,0.3045557092349258,0.2902730224683571,0.24952304668009762,0.1877962346005795,0.4586255078307057,0.6884834382687988,0.6561682796933771,0.44335412916493155,0.23594911658964196,0.24911403566301724,0.31008734952668204,0.29978448703632415,0.30590594088020784,0.36374042684910024,0.06206217266673239,0.06396325657325581,0.05163458615538895,0.2811265597711193,0.28622993834569044,0.3782086822605365,0.10171264459075949,0.10523984971649798,0.1293116335121284,0.3982099870316352,0.5141984638746997,0.6161770593563658,0.2579502893718442,0.2683423122935449,0.25403035362369397,0.2265308366539835,0.32622300260475046,0.25733839313250617,0.12575019741602758,0.13551000321357173,0.14547403843834208,0.46736927666562483,0.466560798178604,0.49349794246782236,0.37445762378893194,0.5125284864047319,0.626441028054169,0.11354469477229517,0.00907750979882275,0.00907750979882275,0.00907750979882275,0.37445762378893194,0.5125284864047319,0.626441028054169,0.11354469477229517,0.00907750979882275,0.00907750979882275,0.00907750979882275,0.33709384737620995,0.39874372655617274,0.4557155656491857,0.5616578387394533,0.20295973153771663,0.23318428715387254,0.2732325098236131,0.129687643733195,0.3144097705045041,0.4497536360625538,0.4816650676635773,0.5213922247356448,0.4054368282561026,0.4253843940185238,0.4407390151409979
BR94,Tanzania,Mtambwe,15809787.992647476,10679427.352072041,9090299.455182198,810612.5622092806,193.93974740830143,0.8221097526945675,0.7834732929202242,0.5293542254008434,0.6194825318378819,0.5737799944789227,0.12290968766272838,0.4035620529743986,0.3410450171338512,0.298998844460338,0.12973990019948875,0.5469606083211092,0.8221097526945675,0.7834732929202242,0.5293542254008434,0.21009505913613646,0.18803876040986175,0.24526068049003213,0.20444868999935398,0.20017649550776082,0.23632945795147817,0.15573170431554317,0.17178545091177266,0.16334234350950783,0.1906527293036453,0.19602637521007485,0.2723328214972779,0.2532875310801531,0.2603324319999686,0.3267254795917167,0.38869368669349097,0.49395969180892085,0.601890757359501,0.1907767066762154,0.19610274867396849,0.18836720889623956,0.16252834884296027,0.21587684943180527,0.1701180381883108,0.31318135726055446,0.340181141892693,0.36246128994045274,0.4869094725979897,0.5016801697784311,0.52244638105138,0.38867095415338104,0.5230330991558032,0.6474269158441629,0.11030069408810905,0.00883240752830304,0.00883240752830304,0.00883240752830304,0.38867095415338104,0.5230330991558032,0.6474269158441629,0.11030069408810905,0.00883240752830304,0.00883240752830304,0.00883240752830304,0.34498128280514223,0.40350511802493816,0.4668033073966467,0.6704744698341861,0.2113608283478839,0.2373594053317644,0.2815679389509271,0.15484796053847585,0.37541790855833945,0.45902754013586566,0.4857480097626332,0.5293005988587639,0.48886710110999193,0.5132553593888836,0.5339744512588452
BR94,Tanzania,Gando,15809787.992647476,10679427.352072041,9090299.455182198,810612.5622092806,193.93974740830143,0.8221097526945675,0.7834732929202242,0.5293542254008434,0.6194825318378819,0.5737799944789227,0.12290968766272838,0.4035620529743986,0.3410450171338512,0.298998844460338,0.12973990019948875,0.5469606083211092,0.8221097526945675,0.7834732929202242,0.5293542254008434,0.21009505913613646,0.18803876040986175,0.24526068049003213,0.20444868999935398,0.20017649550776082,0.23632945795147817,0.15573170431554317,0.17178545091177266,0.16334234350950783,0.1906527293036453,0.19602637521007485,0.2723328214972779,0.2532875310801531,0.2603324319999686,0.3267254795917167,0.38869368669349097,0.49395969180892085,0.601890757359501,0.1907767066762154,0.19610274867396849,0.18836720889623956,0.16252834884296027,0.21587684943180527,0.1701180381883108,0.31318135726055446,0.340181141892693,0.36246128994045274,0.4869094725979897,0.5016801697784311,0.52244638105138,0.38867095415338104,0.5230330991558032,0.6474269158441629,0.11030069408810905,0.00883240752830304,0.00883240752830304,0.00883240752830304,0.38867095415338104,0.5230330991558032,0.6474269158441629,0.11030069408810905,0.00883240752830304,0.00883240752830304,0.00883240752830304,0.34498128280514223,0.40350511802493816,0.4668033073966467,0.6704744698341861,0.2113608283478839,0.2373594053317644,0.2815679389509271,0.15484796053847585,0.37541790855833945,0.45902754013586566,0.4857480097626332,0.5293005988587639,0.48886710110999193,0.5132553593888836,0.5339744512588452
BR95,Tanzania,Kangagani,16727217.938510533,9584490.857590863,6572445.159490205,673475.69114479,196.19100793068165,0.8324592727018506,0.7933355276995717,0.5360298968728325,0.6274425285692186,0.5810658834311548,0.12438050179903797,0.3635739582416965,0.2966757694774655,0.273833040196276,0.09092321172401312,0.5520199325904107,0.8324592727018506,0.7933355276995717,0.5360298968728325,0.1390223417667268,0.12934100580249297,0.16041572473389903,0.14375606529076104,0.1396221838777389,0.16783477110540249,0.2103160416847886,0.2228546013344179,0.2197075035819568,0.13343394753267193,0.1367982157929511,0.1870426426527792,0.33859605065124404,0.3520181574786669,0.4396629989067673,0.3850672863011354,0.48598085454352385,0.5974201923536355,0.1329350336010115,0.13676581331380475,0.13121728839617836,0.11490016164881307,0.15055082710150713,0.11936890669154127,0.411820986621267,0.44697051573975627,0.47609742971609464,0.4955106943363404,0.5151534131503287,0.5346262863538337,0.393842446051691,0.5267725406296074,0.6586359066793586,0.11947279812245568,0.009567023692408836,0.009567023692408836,0.009567023692408836,0.393842446051691,0.5267725406296074,0.6586359066793586,0.11947279812245568,0.009567023692408836,0.009567023692408836,0.009567023692408836,0.3497651658581098,0.4106310845215403,0.47660908518413364,0.6784611574661664,0.2132831844080773,0.24035405586294867,0.2840373038126981,0.15737923834469544,0.3808427619698258,0.46112643139689025,0.48899659193796147,0.5317564262786986,0.4978569051349466,0.5233976082070414,0.5465330572398557
BR95,Tanzania,Mjini Kiuyu,16727217.938510533,9584490.857590863,6572445.159490205,673475.69114479,196.19100793068165,0.8324592727018506,0.7933355276995717,0.5360298968728325,0.6274425285692186,0.5810658834311548,0.12438050179903797,0.3635739582416965,0.2966757694774655,0.273833040196276,0.09092321172401312,0.5520199325904107,0.8324592727018506,0.7933355276995717,0.5360298968728325,0.1390223417667268,0.12934100580249297,0.16041572473389903,0.14375606529076104,0.1396221838777389,0.16783477110540249,0.2103160416847886,0.2228546013344179,0.2197075035819568,0.13343394753267193,0.1367982157929511,0.1870426426527792,0.33859605065124404,0.3520181574786669,0.4396629989067673,0.3850672863011354,0.48598085454352385,0.5974201923536355,0.1329350336010115,0.13676581331380475,0.13121728839617836,0.11490016164881307,0.15055082710150713,0.11936890669154127,0.411820986621267,0.44697051573975627,0.47609742971609464,0.4955106943363404,0.5151534131503287,0.5346262863538337,0.393842446051691,0.5267725406296074,0.6586359066793586,0.11947279812245568,0.009567023692408836,0.009567023692408836,0.009567023692408836,0.393842446051691,0.5267725406296074,0.6586359066793586,0.11947279812245568,0.009567023692408836,0.009567023692408836,0.009567023692408836,0.3497651658581098,0.4106310845215403,0.47660908518413364,0.6784611574661664,0.2132831844080773,0.24035405586294867,0.2840373038126981,0.15737923834469544,0.3808427619698258,0.46112643139689025,0.48899659193796147,0.5317564262786986,0.4978569051349466,0.5233976082070414,0.5465330572398557
BR95,Tanzania,Selemu,16727217.938510533,9584490.857590863,6572445.159490205,673475.69114479,196.19100793068165,0.8324592727018506,0.7933355276995717,0.5360298968728325,0.6274425285692186,0.5810658834311548,0.12438050179903797,0.3635739582416965,0.2966757694774655,0.273833040196276,0.09092321172401312,0.5520199325904107,0.8324592727018506,0.7933355276995717,0.5360298968728325,0.1390223417667268,0.12934100580249297,0.16041572473389903,0.14375606529076104,0.1396221838777389,0.16783477110540249,0.2103160416847886,0.2228546013344179,0.2197075035819568,0.13343394753267193,0.1367982157929511,0.1870426426527792,0.33859605065124404,0.3520181574786669,0.4396629989067673,0.3850672863011354,0.48598085454352385,0.5974201923536355,0.1329350336010115,0.13676581331380475,0.13121728839617836,0.11490016164881307,0.15055082710150713,0.11936890669154127,0.411820986621267,0.44697051573975627,0.47609742971609464,0.4955106943363404,0.5151534131503287,0.5346262863538337,0.393842446051691,0.5267725406296074,0.6586359066793586,0.11947279812245568,0.009567023692408836,0.009567023692408836,0.009567023692408836,0.393842446051691,0.5267725406296074,0.6586359066793586,0.11947279812245568,0.009567023692408836,0.009567023692408836,0.009567023692408836,0.3497651658581098,0.4106310845215403,0.47660908518413364,0.6784611574661664,0.2132831844080773,0.24035405586294867,0.2840373038126981,0.15737923834469544,0.3808427619698258,0.46112643139689025,0.48899659193796147,0.5317564262786986,0.4978569051349466,0.5233976082070414,0.5465330572398557
DC127,Madagascar,Lagnamena,4093553.4002003884,7231314.827371847,18923941.038418517,1787168.2296891173,193.10660791037841,0.7341406773661836,0.6807938015499619,0.42105742359672127,0.5540328996863654,0.5056338385165695,0.10040171490472898,0.20365993703994828,0.19194994643935911,0.3404567549815301,0.27987295709301113,0.6752137018007749,0.7341406773661836,0.6807938015499619,0.42105742359672127,0.17113374654450914,0.18876886876896334,0.17563792610129447,0.19106221992323574,0.14855954771580257,0.1808586850660219,0.11053230472405588,0.11727511594744894,0.187749446153597,0.13022403224318246,0.09204586095474572,0.14376087342770516,0.1755771859434592,0.16100321213419197,0.2370398008603126,0.4104643672498098,0.5453698264251298,0.6451035822807648,0.2135869636883944,0.21111434653097488,0.2160940987756649,0.175534301785722,0.18892110050513625,0.18983126163842937,0.20714623862169143,0.2140631300940257,0.23023279635800376,0.6448690893057181,0.6848504547661356,0.6871411252644191,0.27892922133929093,0.4621868248131521,0.5678328174897059,3.5049217257973417,0.2964721166105663,0.2964721166105663,0.2964721166105663,0.27892922133929093,0.4621868248131521,0.5678328174897059,3.5049217257973417,0.2964721166105663,0.2964721166105663,0.2964721166105663,0.3956730941040268,0.45918642532268145,0.5164788261947465,0.6278014010784104,0.14987736587666292,0.14990570182529384,0.16133711024164604,0.14432792832825758,0.33789244187831474,0.38566267992780195,0.3844199938658633,0.39854996880029797,0.5008644896082444,0.5341445280518379,0.5547454732847177
DC128,Madagascar,Maromanjo,4642154.573436833,9746279.899712916,14182395.31766814,2168419.2760164817,154.38837466759455,0.5876123730628947,0.5451571969023042,0.33728221834605343,0.4435868125377432,0.4048237385577333,0.08038760080045562,0.19775040721193526,0.20666281987239277,0.31491150062690154,0.31966804251480124,0.5464825787719175,0.5876123730628947,0.5451571969023042,0.33728221834605343,0.22758381541222575,0.26160490197530206,0.25814507089119715,0.276957697795486,0.20569603646215615,0.25109071454657717,0.06318080682646658,0.06943795423433972,0.10684355381830915,0.1800851775473999,0.1322045442665443,0.19988785281626634,0.10080440252500127,0.09958810290810369,0.13724288207049534,0.4136364179026792,0.551612535802772,0.6524215415632978,0.3023844425179382,0.2981571368538058,0.3054081816400255,0.24423656936524107,0.26141090543659024,0.2632734377800531,0.12042807638295204,0.12551358142772062,0.13307141657472246,0.6438672996466371,0.6696889044196125,0.6678851579793255,0.2820475489869207,0.4624847018039659,0.5680062283102741,3.414504213369946,0.2919241449054448,0.2919241449054448,0.2919241449054448,0.2820475489869207,0.4624847018039659,0.5680062283102741,3.414504213369946,0.2919241449054448,0.2919241449054448,0.2919241449054448,0.39529613508669653,0.4524401270817728,0.5054598636909122,0.5041335917707924,0.14656881526312496,0.14911117686127268,0.15898038912404483,0.1171447154017406,0.2724041378106833,0.3813677789712418,0.38318471120806674,0.39547639097374715,0.4024834753993895,0.42683562269663744,0.4430226446744831
DH123,Madagascar,Andranoboka,1112157.5004921563,1512173.1154149882,34297541.67057831,2335324.1715981592,193.02877758438208,0.7384411695854011,0.6866943533729543,0.4259745671991267,0.5595130185889398,0.510500873353319,0.10104364344025417,0.07760116456758805,0.05929216424358652,0.44582138242623215,0.3249172204585261,0.6418524926818701,0.7384411695854011,0.6866943533729543,0.4259745671991267,0.15618187945867237,0.14255630678017453,0.1176108269582569,0.16405489007363777,0.16675607456379588,0.19854530478322704,0.039107619695069484,0.06806425347191472,0.09079317515604911,0.12280036787050007,0.06219145338802477,0.13359017236518464,0.2075409836798598,0.16148040235338787,0.19442042445320254,0.4477528357655254,0.5896717554264991,0.6738566851038191,0.20035098069243168,0.19778751841021003,0.20174090010883894,0.24366188541324182,0.23999064308061743,0.20289512973928522,0.2570896505265696,0.25494701860872276,0.27136921835911526,0.6265096116661861,0.6684246410614553,0.6839543204993949,0.22619794822406275,0.4548673939251133,0.5595840590840555,5.515847604875669,0.38313631513664076,0.38313631513664076,0.38313631513664076,0.22619794822406275,0.4548673939251133,0.5595840590840555,5.515847604875669,0.38313631513664076,0.38313631513664076,0.38313631513664076,0.4183062482654379,0.4860637688884458,0.5339341002921161,0.623240645709838,0.16977623494215371,0.14742378729889788,0.14652999365895086,0.1406086410789027,0.33494354854273617,0.4106249833473649,0.38066396187881524,0.3792992537252158,0.5029531158160925,0.551213930961574,0.5698140267022034
DH124,Madagascar,Besakoa,1063953.0831353392,1701699.5525633914,16522265.433728343,2684073.4204692896,187.5930614840271,0.7171068097134548,0.6662805633804577,0.41313508303517027,0.5426250058364284,0.4951487144757951,0.09818604196582172,0.06625813937364458,0.05625280793898829,0.4135539912072405,0.35455314635974383,0.6292475851693198,0.7171068097134548,0.6662805633804577,0.41313508303517027,0.266193536582462,0.2457037959819674,0.19022643872573078,0.246379662948148,0.26989654819724723,0.3343591460989427,0.038592875499591464,0.05221895055021461,0.07772929467660032,0.20080325995737683,0.09507945937721317,0.21591742733211958,0.12505504967479789,0.11120823517287279,0.1342054946036609,0.4510087366541546,0.5998487602833403,0.6805384746308624,0.334641492524053,0.33074020728250964,0.33679859700350906,0.4029930781635266,0.39374928825794786,0.321950702295715,0.1574332338047505,0.15709421895846198,0.1671225150484672,0.6172337357669591,0.6553377673691058,0.6703551756610904,0.22117487128123098,0.45426560049146986,0.5587976309797471,5.17609216827131,0.36919934008799743,0.36919934008799743,0.36919934008799743,0.22117487128123098,0.45426560049146986,0.5587976309797471,5.17609216827131,0.36919934008799743,0.36919934008799743,0.36919934008799743,0.42193293257112235,0.4840414668551672,0.5285911830486176,0.6064425103246007,0.172092800958878,0.15330299418282783,0.14567929305346503,0.1373944474414922,0.326120114884493,0.4132286193584371,0.3881600035617975,0.378487191953885,0.4911547501881002,0.5325972041795888,0.5537033733609114
DH124,Madagascar,Tsinjoarivo,1063953.0831353392,1701699.5525633914,16522265.433728343,2684073.4204692896,187.5930614840271,0.7171068097134548,0.6662805633804577,0.41313508303517027,0.5426250058364284,0.4951487144757951,0.09818604196582172,0.06625813937364458,0.05625280793898829,0.4135539912072405,0.35455314635974383,0.6292475851693198,0.7171068097134548,0.6662805633804577,0.41313508303517027,0.266193536582462,0.2457037959819674,0.19022643872573078,0.246379662948148,0.26989654819724723,0.3343591460989427,0.038592875499591464,0.05221895055021461,0.07772929467660032,0.20080325995737683,0.09507945937721317,0.21591742733211958,0.12505504967479789,0.11120823517287279,0.1342054946036609,0.4510087366541546,0.5998487602833403,0.6805384746308624,0.334641492524053,0.33074020728250964,0.33679859700350906,0.4029930781635266,0.39374928825794786,0.321950702295715,0.1574332338047505,0.15709421895846198,0.1671225150484672,0.6172337357669591,0.6553377673691058,0.6703551756610904,0.22117487128123098,0.45426560049146986,0.5587976309797471,5.17609216827131,0.36919934008799743,0.36919934008799743,0.36919934008799743,0.22117487128123098,0.45426560049146986,0.5587976309797471,5.17609216827131,0.36919934008799743,0.36919934008799743,0.36919934008799743,0.42193293257112235,0.4840414668551672,0.5285911830486176,0.6064425103246007,0.172092800958878,0.15330299418282783,0.14567929305346503,0.1373944474414922,0.326120114884493,0.4132286193584371,0.3881600035617975,0.378487191953885,0.4911547501881002,0.5325972041795888,0.5537033733609114
DH125,Madagascar,Antafiatambalaka,1167653.1526374782,2059586.7495558064,35868534.07613677,3190764.32636503,166.5060411408435,0.6379758579708436,0.592897513913791,0.3679618091853199,0.48280238351745075,0.4405965198724179,0.08740462590957547,0.06749043650822839,0.06268857850075642,0.3860061823168949,0.39023159390142564,0.555978479409325,0.6379758579708436,0.592897513913791,0.3679618091853199,0.23868602704021918,0.21857855851693217,0.16933732566099047,0.21767460044528056,0.23740664449160895,0.29884537873937994,0.04105723678934219,0.047738770730074966,0.07639568031303497,0.18341956858758743,0.09633871546629544,0.19677175645766115,0.1040613011708779,0.09803120091820541,0.12112675314099759,0.4508995301095202,0.6052468835904109,0.6840867557544694,0.2951662202088579,0.292828992903388,0.2978041487414618,0.33531575157924987,0.33769336409944184,0.2712153765833289,0.13066907667865565,0.13141446501355247,0.13979260626053425,0.6087969474414877,0.6406229033338752,0.6552095753605846,0.22417282686591122,0.4545671605245708,0.5591105167714785,4.568945739035354,0.3436460310505317,0.3436460310505317,0.3436460310505317,0.22417282686591122,0.4545671605245708,0.5591105167714785,4.568945739035354,0.3436460310505317,0.3436460310505317,0.3436460310505317,0.40440972061257996,0.4739811145479485,0.5186717306285065,0.5387034151198198,0.16669390764351183,0.15374814303766374,0.15466202299019485,0.1224942495677651,0.290480531440959,0.40672199918858504,0.3888773984048802,0.3896863045533855,0.4298831488763996,0.47066398936036397,0.48677844906461026
DI123,Madagascar,Analanabe,1053797.0087337093,1556051.8767047983,24034036.77382119,2643579.633929372,186.26478878873147,0.7155064024915709,0.6659838535393331,0.4142582402824589,0.5426653853704823,0.49508790389296575,0.09811369962734719,0.06358964419699259,0.050129182011569524,0.4246398343330608,0.35910041337383286,0.6143797476609137,0.7155064024915709,0.6659838535393331,0.4142582402824589,0.23921439337365066,0.22098178216099673,0.18049605461347007,0.25361374205783493,0.26004561226202066,0.30754790483353955,0.03955145900142108,0.05219029140895315,0.07036022614795696,0.18578785948089635,0.08584194062996205,0.2019802112631673,0.21053855571940416,0.15679169927882125,0.19344366261857893,0.45122679494438184,0.5970956943577896,0.681524540826291,0.31155161587366537,0.30680959436938665,0.3133547216256592,0.3919825445671113,0.37841692792563847,0.32195295075345043,0.25425981509004525,0.25606368054852385,0.27037395040091294,0.61965861758675,0.6599206946781854,0.6730028484552024,0.22205389655866564,0.4549037956002528,0.5598228282084927,5.261264278753195,0.3724715838310725,0.3724715838310725,0.3724715838310725,0.22205389655866564,0.4549037956002528,0.5598228282084927,5.261264278753195,0.3724715838310725,0.3724715838310725,0.3724715838310725,0.42558004809933175,0.48272014870724145,0.5292943282806019,0.6025320609935692,0.1732649097187627,0.15702149531981868,0.148425851841653,0.13580839191373123,0.3241888948686517,0.41454137214178405,0.3929333860097878,0.38183110408009074,0.49256639523331214,0.5294373325698135,0.5524403245019799
ET70,Mozambique,Cumbane,279909.7561410655,353392.7702290594,657019.5149940473,2404204.02263912,53.811237060258364,0.3455300971361643,0.5366444484724062,0.4268277487272693,0.42761789603273115,0.3955436058687329,0.05970438682993065,0.011090082281197532,0.00968811967381316,0.024571373894980982,0.3150077237555126,0.21069649616994862,0.3455300971361643,0.5366444484724062,0.4268277487272693,0.2402275172412874,0.4459579430530212,0.2619015738735294,0.33142768994847466,0.32190326345068526,0.30031785915986964,0.0054738541354872675,0.024994005080709432,0.009120694669532105,0.31285647466666366,0.2986281817685043,0.354369137394579,0.014757615922712632,0.019281589864119302,0.02102618143944356,0.4959663952988293,0.6170060719517693,0.6664570848875448,0.2754444952313193,0.2791692620414464,0.2760351001521672,0.33810683696884103,0.3150693583001054,0.3187328864597604,0.020345025208359676,0.02164095613254892,0.02157173571869455,0.5231193708159192,0.5391397115620677,0.5631271325782564,0.3805404188774247,0.5033430323864574,0.627896496430173,0.5507060115117448,0.07062798680768476,0.07062798680768476,0.07062798680768476,0.3805404188774247,0.5033430323864574,0.627896496430173,0.5507060115117448,0.07062798680768476,0.07062798680768476,0.07062798680768476,0.3556379833042138,0.41487016483900485,0.43817657499086377,0.3799246976264471,0.1830205946942178,0.21648192494511026,0.23766613871653755,0.1425049586145695,0.29652704812022834,0.42461009150242934,0.4618086437196376,0.4835064625689722,0.30103410610243936,0.3128036155197932,0.31894138660144233
ET70,Mozambique,Mahilene,279909.7561410655,353392.7702290594,657019.5149940473,2404204.02263912,53.811237060258364,0.3455300971361643,0.5366444484724062,0.4268277487272693,0.42761789603273115,0.3955436058687329,0.05970438682993065,0.011090082281197532,0.00968811967381316,0.024571373894980982,0.3150077237555126,0.21069649616994862,0.3455300971361643,0.5366444484724062,0.4268277487272693,0.2402275172412874,0.4459579430530212,0.2619015738735294,0.33142768994847466,0.32190326345068526,0.30031785915986964,0.0054738541354872675,0.024994005080709432,0.009120694669532105,0.31285647466666366,0.2986281817685043,0.354369137394579,0.014757615922712632,0.019281589864119302,0.02102618143944356,0.4959663952988293,0.6170060719517693,0.6664570848875448,0.2754444952313193,0.2791692620414464,0.2760351001521672,0.33810683696884103,0.3150693583001054,0.3187328864597604,0.020345025208359676,0.02164095613254892,0.02157173571869455,0.5231193708159192,0.5391397115620677,0.5631271325782564,0.3805404188774247,0.5033430323864574,0.627896496430173,0.5507060115117448,0.07062798680768476,0.07062798680768476,0.07062798680768476,0.3805404188774247,0.5033430323864574,0.627896496430173,0.5507060115117448,0.07062798680768476,0.07062798680768476,0.07062798680768476,0.3556379833042138,0.41487016483900485,0.43817657499086377,0.3799246976264471,0.1830205946942178,0.21648192494511026,0.23766613871653755,0.1425049586145695,0.29652704812022834,0.42461009150242934,0.4618086437196376,0.4835064625689722,0.30103410610243936,0.3128036155197932,0.31894138660144233
EW66,Mozambique,Gazene,174632.92148172768,207410.78091190505,2849141.623053225,2507220.0300690243,54.70386868394789,0.3588410999481925,0.5831413973410075,0.46665224068996775,0.4631088086063372,0.4293507167122698,0.06425370098313081,0.006624701896521608,0.005800549915316237,0.22209133489425834,0.29166697579199335,0.21905118728275969,0.3588410999481925,0.5831413973410075,0.46665224068996775,0.24340567405206584,0.5078892664761264,0.2137446593477114,0.22931423700470124,0.26656711919809606,0.34380971094763924,0.004297068830215472,0.02442153299977115,0.006531369640072689,0.3220920801293374,0.29335199692364855,0.3065025298538786,0.011340971928203188,0.020402449261826064,0.017061096013063458,0.5075750700607997,0.6590149338000527,0.6940335258768986,0.2401918931285411,0.24236105747253617,0.24047369919465844,0.35588277450133055,0.289395719777591,0.26652453408019505,0.016883432893549304,0.018303052000766675,0.01783141974736468,0.4873323402193969,0.5261535723553272,0.5358389767263654,0.3684592803188007,0.4952722768643732,0.6155680675096007,0.9197516747228572,0.10412030199652059,0.10412030199652059,0.10412030199652059,0.3684592803188007,0.4952722768643732,0.6155680675096007,0.9197516747228572,0.10412030199652059,0.10412030199652059,0.10412030199652059,0.3604670863551926,0.4333436925021357,0.44634230283580784,0.4069214813154818,0.17594293927906302,0.22734878773508843,0.2307526507799882,0.15881597983755766,0.32636771098462575,0.4154314021855936,0.47348046956341644,0.47627991149700444,0.3367810630869562,0.3465116261894784,0.35325798005396286
EX67,Mozambique,Farol,157019.8552073837,186422.65702252646,4928229.256563335,1492266.5514021022,67.58804955413719,0.4494602254286306,0.7385838149201785,0.5922755092204173,0.5861266185457614,0.543647200739606,0.08096114500753017,0.005949361110277684,0.0052117247636339365,0.2458189769614324,0.1888280558009484,0.27366031679832736,0.4494602254286306,0.7385838149201785,0.5922755092204173,0.2218998383002918,0.44915431036277353,0.21260142092846276,0.20046843425675592,0.22206480903511805,0.32135266173275423,0.003976345872386227,0.029740301028640496,0.005958221421211901,0.30072646787205065,0.27922069010270384,0.28806765979917076,0.012142186393501387,0.024642143837461224,0.01899468670393788,0.48948226898640257,0.6368702781294174,0.672411277553131,0.21757656879855292,0.21938408641879248,0.21779040729031623,0.3270955938855056,0.27573865124874936,0.24491256505979656,0.0194585810530253,0.021004867622251615,0.020418405149787218,0.4735367685467948,0.5128782342444241,0.5273021798956766,0.37723527466237716,0.5014623335650521,0.6246929464071083,0.6830909875149441,0.07393995079416335,0.07393995079416335,0.07393995079416335,0.37723527466237716,0.5014623335650521,0.6246929464071083,0.6830909875149441,0.07393995079416335,0.07393995079416335,0.07393995079416335,0.3461720540946806,0.4170421576258681,0.43819556655443376,0.5134949665918884,0.18563265920530625,0.23583987016136768,0.24577991179525985,0.20206179665488513,0.41428912476323265,0.4274943919312068,0.48273348044194686,0.49183269912348265,0.41476601355428316,0.42863432857658634,0.4379583992408203
