ID,TC,tc_245_2050,tc_370_2050,tc_585_2050
A137,0,0,0,0
A138,0,0,0,0
A139,0,0,0,0
A140,0,0,0,0
A141,0,0,0,0
AA129,0,0,0,0
AA130,0,0,0,0
AA131,0,0,0,0
AA132,0,0,0,0
AB129,0,0,0,0
AB130,0,0,0,0
AB131,0,0,0,0
AC128,0,0,0,0
AC129,0,0,0,0
AC130,0,0,0,0
AC131,0,0,0,0
AD127,0,0,0,0
AD128,0,0,0,0
AD129,0,0,0,0
AD130,0,0,0,0
AE127,0,0,0,0
AE128,0,0,0,0
AE129,0,0,0,0
AF126,0,0,0,0
AF127,0,0,0,0
AF128,0,0,0,0
AF129,0,0,0,0
AG125,0,0,0,0
AG126,0,0,0,0
AG127,0,0,0,0
AG128,0,0,0,0
AH124,0,0,0,0
AH125,0,0,0,0
AH126,0,0,0,0
AH127,0,0,0,0
AI124,0,0,0,0
AI125,0,0,0,0
AI126,0,0,0,0
AJ122,0,0,0,0
AJ123,0,0,0,0
AJ124,0,0,0,0
AK121,0,0,0,0
AK122,0,0,0,0
AK123,0,0,0,0
AK124,0,0,0,0
AL120,0,0,0,0
AL121,0,0,0,0
AL122,0,0,0,0
AL123,0,0,0,0
AM119,0,0,0,0
AM120,0,0,0,0
AM121,0,0,0,0
AM122,0,0,0,0
AN117,0,0,0,0
AN118,0,0,0,0
AN119,0,0,0,0
AN120,0,0,0,0
AN121,0,0,0,0
AO115,0,0,0,0
AO116,0,0,0,0
AO117,0,0,0,0
AO118,0,0,0,0
AO119,0,0,0,0
AO120,0,0,0,0
AP114,0,0,0,0
AP115,0,0,0,0
AP116,0,0,0,0
AP117,0,0,0,0
AP118,0,0,0,0
AP119,0,0,0,0
AQ112,0,0,0,0
AQ113,0,0,0,0
AQ114,0,0,0,0
AQ115,0,0,0,0
AQ116,0,0,0,0
AQ117,0,0,0,0
AR111,0,0,0,0
AR112,0,0,0,0
AR113,0,0,0,0
AR114,0,0,0,0
AR115,0,0,0,0
AS110,0,0,0,0
AS111,0,0,0,0
AS112,0,0,0,0
AS113,0,0,0,0
AS114,0,0,0,0
AT109,0,0,0,0
AT110,0,0,0,0
AT111,0,0,0,0
AT112,0,0,0,0
AT113,0,0,0,0
AU109,0,0,0,0
AU110,0,0,0,0
AU111,0,0,0,0
AU112,0,0,0,0
AV107,0,0,0,0
AV108,0,0,0,0
AV109,0,0,0,0
AV110,0,0,0,0
AW106,0,0,0,0
AW107,0,0,0,0
AW108,0,0,0,0
AW109,0,0,0,0
AX105,0,0,0,0
AX106,0,0,0,0
AX107,0,0,0,0
AX108,0,0,0,0
AX109,0,0,0,0
AY104,0,0,0,0
AY105,0,0,0,0
AY106,0,0,0,0
AY107,0,0,0,0
AY108,0,0,0,0
AZ103,0,0,0,0
AZ104,0,0,0,0
AZ105,0,0,0,0
AZ106,0,0,0,0
AZ107,0,0,0,0
B136,0,0,0,0
B137,0,0,0,0
B138,0,0,0,0
B139,0,0,0,0
B140,0,0,0,0
B141,0,0,0,0
B142,0,0,0,0
BA103,0,0,0,0
BA104,0,0,0,0
BA105,0,0,0,0
BA106,0,0,0,0
BB102,0,0,0,0
BB103,0,0,0,0
BB104,0,0,0,0
BB105,0,0,0,0
BC101,0,0,0,0
BC102,0,0,0,0
BC103,0,0,0,0
BC104,0,0,0,0
BD100,0,0,0,0
BD101,0,0,0,0
BD102,0,0,0,0
BD103,0,0,0,0
BD104,0,0,0,0
BD99,0,0,0,0
BE100,0,0,0,0
BE101,0,0,0,0
BE102,0,0,0,0
BE103,0,0,0,0
BE98,0,0,0,0
BE99,0,0,0,0
BF100,0,0,0,0
BF101,0,0,0,0
BF102,0,0,0,0
BF98,0,0,0,0
BF99,0,0,0,0
BG100,0,0,0,0
BG101,0,0,0,0
BG96,0,0,0,0
BG97,0,0,0,0
BG98,0,0,0,0
BG99,0,0,0,0
BH100,0,0,0,0
BH95,0,0,0,0
BH96,0,0,0,0
BH97,0,0,0,0
BH98,0,0,0,0
BH99,0,0,0,0
BI95,0,0,0,0
BI96,0,0,0,0
BI97,0,0,0,0
BI98,0,0,0,0
BI99,0,0,0,0
BJ95,0,0,0,0
BJ96,0,0,0,0
BJ97,0,0,0,0
BK94,0,0,0,0
BK95,0,0,0,0
BK96,0,0,0,0
BK97,0,0,0,0
BL157,0,0,0,0
BL158,0,0,0,0
BL159,0,0,0,0
BL94,0,0,0,0
BL95,0,0,0,0
BL96,0,0,0,0
BL97,0,0,0,0
BM157,0,0,0,0
BM158,0,0,0,0
BM159,0,0,0,0
BM93,0,0,0,0
BM94,0,0,0,0
BM95,0,0,0,0
BM96,0,0,0,0
BN157,2,0.243709779,0.243709779,0.243709779
BN158,1,0.207377029,0.207377029,0.207377029
BN159,1,0.207377029,0.207377029,0.207377029
BN160,1,0.207377029,0.207377029,0.207377029
BN93,0,0,0,0
BN94,0,0,0,0
BN95,0,0,0,0
BN96,0,0,0,0
BO156,2,0.243709779,0.243709779,0.243709779
BO157,2,0.243709779,0.243709779,0.243709779
BO158,1,0.207377029,0.207377029,0.207377029
BO159,1,0.207377029,0.207377029,0.207377029
BO160,1,0.207377029,0.207377029,0.207377029
BO92,0,0,0,0
BO93,0,0,0,0
BO94,0,0,0,0
BO95,0,0,0,0
BP156,0,0,0,0
BP157,0,0,0,0
BP158,0,0,0,0
BP159,0,0,0,0
BP160,0,0,0,0
BP91,0,0,0,0
BP92,0,0,0,0
BP93,0,0,0,0
BP94,0,0,0,0
BP95,0,0,0,0
BQ156,0,0,0,0
BQ157,0,0,0,0
BQ158,0,0,0,0
BQ159,0,0,0,0
BQ160,0,0,0,0
BQ91,0,0,0,0
BQ92,0,0,0,0
BQ93,0,0,0,0
BQ94,0,0,0,0
BQ95,0,0,0,0
BQ96,0,0,0,0
BR157,0,0,0,0
BR158,0,0,0,0
BR91,0,0,0,0
BR92,0,0,0,0
BR93,0,0,0,0
BR94,0,0,0,0
BR95,0,0,0,0
BR96,0,0,0,0
BS91,0,0,0,0
BS92,0,0,0,0
BS93,0,0,0,0
BS94,0,0,0,0
BS95,0,0,0,0
BS96,0,0,0,0
BT157,2,0.243709779,0.243709779,0.243709779
BT158,0,0,0,0
BT90,0,0,0,0
BT91,0,0,0,0
BT92,0,0,0,0
BT93,0,0,0,0
BT94,0,0,0,0
BT95,0,0,0,0
BT96,0,0,0,0
BU156,2,0.243709779,0.243709779,0.243709779
BU157,2,0.243709779,0.243709779,0.243709779
BU158,0,0,0,0
BU90,0,0,0,0
BU91,0,0,0,0
BU92,0,0,0,0
BU93,0,0,0,0
BU94,0,0,0,0
BV156,0,0,0,0
BV157,0,0,0,0
BV158,0,0,0,0
BV90,0,0,0,0
BV91,0,0,0,0
BV92,0,0,0,0
BV93,0,0,0,0
BV94,0,0,0,0
BV95,0,0,0,0
BW90,0,0,0,0
BW91,0,0,0,0
BW92,0,0,0,0
BW93,0,0,0,0
BW94,0,0,0,0
BW95,0,0,0,0
BX90,0,0,0,0
BX91,0,0,0,0
BX92,0,0,0,0
BX93,0,0,0,0
BX94,0,0,0,0
BX95,0,0,0,0
BY160,0,0,0,0
BY161,0,0,0,0
BY91,0,0,0,0
BY92,0,0,0,0
BY93,0,0,0,0
BY94,0,0,0,0
BY95,0,0,0,0
BZ160,2,0.243709779,0.243709779,0.243709779
BZ161,2,0.243709779,0.243709779,0.243709779
BZ162,4,0.323185981,0.323185981,0.323185981
BZ92,0,0,0,0
BZ93,0,0,0,0
BZ94,0,0,0,0
BZ95,0,0,0,0
C108,0,0,0,0
C109,0,0,0,0
C110,0,0,0,0
C133,0,0,0,0
C134,0,0,0,0
C135,0,0,0,0
C136,0,0,0,0
C137,0,0,0,0
C138,0,0,0,0
C139,0,0,0,0
C140,0,0,0,0
C141,0,0,0,0
C142,0,0,0,0
CA160,2,0.243709779,0.243709779,0.243709779
CA161,2,0.243709779,0.243709779,0.243709779
CA162,4,0.323185981,0.323185981,0.323185981
CA92,0,0,0,0
CA93,0,0,0,0
CA94,0,0,0,0
CA95,0,0,0,0
CA96,0,0,0,0
CB92,0,0,0,0
CB93,0,0,0,0
CB94,0,0,0,0
CB95,0,0,0,0
CB96,1,0.207377029,0.207377029,0.207377029
CC92,0,0,0,0
CC93,0,0,0,0
CC94,0,0,0,0
CC95,0,0,0,0
CC96,1,0.207377029,0.207377029,0.207377029
CD92,1,0.207377029,0.207377029,0.207377029
CD93,1,0.207377029,0.207377029,0.207377029
CD94,2,0.243709779,0.243709779,0.243709779
CD95,2,0.243709779,0.243709779,0.243709779
CD96,0,0,0,0
CE92,1,0.207377029,0.207377029,0.207377029
CE93,1,0.207377029,0.207377029,0.207377029
CE94,2,0.243709779,0.243709779,0.243709779
CE95,2,0.243709779,0.243709779,0.243709779
CF92,0,0,0,0
CF93,0,0,0,0
CF94,0,0,0,0
CG92,0,0,0,0
CG93,0,0,0,0
CG94,0,0,0,0
CG95,0,0,0,0
CH120,1,0.207377029,0.207377029,0.207377029
CH121,1,0.207377029,0.207377029,0.207377029
CH122,1,0.207377029,0.207377029,0.207377029
CH92,0,0,0,0
CH93,0,0,0,0
CH94,0,0,0,0
CH95,0,0,0,0
CI120,1,0.207377029,0.207377029,0.207377029
CI121,1,0.207377029,0.207377029,0.207377029
CI122,1,0.207377029,0.207377029,0.207377029
CI123,1,0.207377029,0.207377029,0.207377029
CI93,0,0,0,0
CI94,0,0,0,0
CI95,0,0,0,0
CJ120,2,0.243709779,0.243709779,0.243709779
CJ121,2,0.243709779,0.243709779,0.243709779
CJ122,2,0.243709779,0.243709779,0.243709779
CJ123,2,0.243709779,0.243709779,0.243709779
CJ125,5,0.372084908,0.372084908,0.372084908
CJ126,4,0.323185981,0.323185981,0.323185981
CJ127,4,0.323185981,0.323185981,0.323185981
CJ93,0,0,0,0
CJ94,0,0,0,0
CJ95,0,0,0,0
CJ96,0,0,0,0
CK121,2,0.243709779,0.243709779,0.243709779
CK122,2,0.243709779,0.243709779,0.243709779
CK123,2,0.243709779,0.243709779,0.243709779
CK125,5,0.372084908,0.372084908,0.372084908
CK126,4,0.323185981,0.323185981,0.323185981
CK127,4,0.323185981,0.323185981,0.323185981
CK94,0,0,0,0
CK95,0,0,0,0
CK96,0,0,0,0
CL121,0,0,0,0
CL122,0,0,0,0
CL94,1,0.207377029,0.207377029,0.207377029
CL95,1,0.207377029,0.207377029,0.207377029
CL96,1,0.207377029,0.207377029,0.207377029
CL97,1,0.207377029,0.207377029,0.207377029
CL98,4,0.323185981,0.323185981,0.323185981
CM94,1,0.207377029,0.207377029,0.207377029
CM95,1,0.207377029,0.207377029,0.207377029
CM96,1,0.207377029,0.207377029,0.207377029
CM97,1,0.207377029,0.207377029,0.207377029
CM98,4,0.323185981,0.323185981,0.323185981
CM99,4,0.323185981,0.323185981,0.323185981
CN96,0,0,0,0
CN97,0,0,0,0
CN98,1,0.207377029,0.207377029,0.207377029
CN99,1,0.207377029,0.207377029,0.207377029
CO97,0,0,0,0
CO98,1,0.207377029,0.207377029,0.207377029
CO99,1,0.207377029,0.207377029,0.207377029
CP109,1,0.207377029,0.207377029,0.207377029
CP110,2,0.243709779,0.243709779,0.243709779
CP96,0,0,0,0
CP97,0,0,0,0
CP98,0,0,0,0
CP99,0,0,0,0
CQ108,1,0.207377029,0.207377029,0.207377029
CQ109,1,0.207377029,0.207377029,0.207377029
CQ110,2,0.243709779,0.243709779,0.243709779
CQ96,0,0,0,0
CQ97,0,0,0,0
CQ98,0,0,0,0
CQ99,0,0,0,0
CR108,2,0.243709779,0.243709779,0.243709779
CR109,2,0.243709779,0.243709779,0.243709779
CR110,2,0.243709779,0.243709779,0.243709779
CR96,0,0,0,0
CR97,0,0,0,0
CR98,4,0.323185981,0.323185981,0.323185981
CS108,2,0.243709779,0.243709779,0.243709779
CS109,2,0.243709779,0.243709779,0.243709779
CS110,2,0.243709779,0.243709779,0.243709779
CS111,2,0.243709779,0.243709779,0.243709779
CS112,3,0.279513478,0.279513478,0.279513478
CS113,3,0.279513478,0.279513478,0.279513478
CS114,2,0.243709779,0.243709779,0.243709779
CS131,4,0.323185981,0.323185981,0.323185981
CS132,4,0.323185981,0.323185981,0.323185981
CS133,4,0.323185981,0.323185981,0.323185981
CS134,4,0.323185981,0.323185981,0.323185981
CS96,0,0,0,0
CS97,0,0,0,0
CS98,4,0.323185981,0.323185981,0.323185981
CS99,4,0.323185981,0.323185981,0.323185981
CT108,2,0.243709779,0.243709779,0.243709779
CT109,2,0.243709779,0.243709779,0.243709779
CT110,0,0,0,0
CT111,0,0,0,0
CT112,0,0,0,0
CT113,0,0,0,0
CT114,0,0,0,0
CT115,0,0,0,0
CT130,3,0.279513478,0.279513478,0.279513478
CT131,3,0.279513478,0.279513478,0.279513478
CT132,5,0.372084908,0.372084908,0.372084908
CT133,5,0.372084908,0.372084908,0.372084908
CT134,2,0.243709779,0.243709779,0.243709779
CT97,3,0.279513478,0.279513478,0.279513478
CT98,7,0.446717755,0.446717755,0.446717755
CT99,7,0.446717755,0.446717755,0.446717755
CU109,2,0.243709779,0.243709779,0.243709779
CU110,0,0,0,0
CU111,0,0,0,0
CU112,0,0,0,0
CU113,0,0,0,0
CU114,0,0,0,0
CU115,0,0,0,0
CU116,1,0.207377029,0.207377029,0.207377029
CU130,3,0.279513478,0.279513478,0.279513478
CU131,3,0.279513478,0.279513478,0.279513478
CU132,5,0.372084908,0.372084908,0.372084908
CU133,5,0.372084908,0.372084908,0.372084908
CU134,2,0.243709779,0.243709779,0.243709779
CU135,2,0.243709779,0.243709779,0.243709779
CU97,3,0.279513478,0.279513478,0.279513478
CU98,7,0.446717755,0.446717755,0.446717755
CU99,7,0.446717755,0.446717755,0.446717755
CV109,5,0.372084908,0.372084908,0.372084908
CV110,1,0.207377029,0.207377029,0.207377029
CV111,1,0.207377029,0.207377029,0.207377029
CV112,1,0.207377029,0.207377029,0.207377029
CV113,1,0.207377029,0.207377029,0.207377029
CV114,0,0,0,0
CV115,0,0,0,0
CV116,5,0.372084908,0.372084908,0.372084908
CV117,5,0.372084908,0.372084908,0.372084908
CV118,3,0.279513478,0.279513478,0.279513478
CV130,4,0.323185981,0.323185981,0.323185981
CV131,4,0.323185981,0.323185981,0.323185981
CV132,4,0.323185981,0.323185981,0.323185981
CV133,4,0.323185981,0.323185981,0.323185981
CV134,4,0.323185981,0.323185981,0.323185981
CV135,4,0.323185981,0.323185981,0.323185981
CV136,2,0.243709779,0.243709779,0.243709779
CV97,2,0.243709779,0.243709779,0.243709779
CV98,0,0,0,0
CV99,0,0,0,0
CW115,0,0,0,0
CW116,5,0.372084908,0.372084908,0.372084908
CW117,5,0.372084908,0.372084908,0.372084908
CW118,3,0.279513478,0.279513478,0.279513478
CW130,4,0.323185981,0.323185981,0.323185981
CW131,4,0.323185981,0.323185981,0.323185981
CW132,4,0.323185981,0.323185981,0.323185981
CW133,4,0.323185981,0.323185981,0.323185981
CW134,4,0.323185981,0.323185981,0.323185981
CW135,4,0.323185981,0.323185981,0.323185981
CW136,2,0.243709779,0.243709779,0.243709779
CW96,2,0.243709779,0.243709779,0.243709779
CW97,2,0.243709779,0.243709779,0.243709779
CW98,0,0,0,0
CW99,0,0,0,0
CX115,3,0.279513478,0.279513478,0.279513478
CX116,5,0.372084908,0.372084908,0.372084908
CX117,5,0.372084908,0.372084908,0.372084908
CX128,4,0.323185981,0.323185981,0.323185981
CX129,4,0.323185981,0.323185981,0.323185981
CX130,3,0.279513478,0.279513478,0.279513478
CX131,3,0.279513478,0.279513478,0.279513478
CX132,3,0.279513478,0.279513478,0.279513478
CX134,1,0.207377029,0.207377029,0.207377029
CX135,1,0.207377029,0.207377029,0.207377029
CX136,3,0.279513478,0.279513478,0.279513478
CX96,1,0.207377029,0.207377029,0.207377029
CX97,1,0.207377029,0.207377029,0.207377029
CX98,0,0,0,0
CX99,0,0,0,0
CY116,5,0.372084908,0.372084908,0.372084908
CY117,5,0.372084908,0.372084908,0.372084908
CY127,10,0.559961862,0.559961862,0.559961862
CY128,4,0.323185981,0.323185981,0.323185981
CY129,4,0.323185981,0.323185981,0.323185981
CY130,3,0.279513478,0.279513478,0.279513478
CY131,3,0.279513478,0.279513478,0.279513478
CY132,3,0.279513478,0.279513478,0.279513478
CY135,1,0.207377029,0.207377029,0.207377029
CY136,3,0.279513478,0.279513478,0.279513478
CY97,1,0.207377029,0.207377029,0.207377029
CY98,0,0,0,0
CY99,0,0,0,0
CZ126,4,0.323185981,0.323185981,0.323185981
CZ127,4,0.323185981,0.323185981,0.323185981
CZ128,4,0.323185981,0.323185981,0.323185981
CZ129,4,0.323185981,0.323185981,0.323185981
CZ130,0,0,0,0
CZ131,0,0,0,0
CZ132,0,0,0,0
CZ135,1,0.207377029,0.207377029,0.207377029
CZ136,7,0.446717755,0.446717755,0.446717755
CZ97,1,0.207377029,0.207377029,0.207377029
CZ98,1,0.207377029,0.207377029,0.207377029
CZ99,1,0.207377029,0.207377029,0.207377029
D108,0,0,0,0
D109,0,0,0,0
D110,0,0,0,0
D111,0,0,0,0
D124,0,0,0,0
D125,0,0,0,0
D126,0,0,0,0
D127,0,0,0,0
D130,0,0,0,0
D131,0,0,0,0
D132,0,0,0,0
D133,0,0,0,0
D134,0,0,0,0
D135,0,0,0,0
D136,0,0,0,0
D137,0,0,0,0
D138,0,0,0,0
D139,0,0,0,0
D140,0,0,0,0
D141,0,0,0,0
DA126,4,0.323185981,0.323185981,0.323185981
DA127,4,0.323185981,0.323185981,0.323185981
DA128,4,0.323185981,0.323185981,0.323185981
DA129,4,0.323185981,0.323185981,0.323185981
DA130,0,0,0,0
DA97,1,0.207377029,0.207377029,0.207377029
DA98,1,0.207377029,0.207377029,0.207377029
DA99,1,0.207377029,0.207377029,0.207377029
DB126,3,0.279513478,0.279513478,0.279513478
DB127,3,0.279513478,0.279513478,0.279513478
DB128,3,0.279513478,0.279513478,0.279513478
DB129,3,0.279513478,0.279513478,0.279513478
DB130,3,0.279513478,0.279513478,0.279513478
DB97,0,0,0,0
DB98,0,0,0,0
DB99,0,0,0,0
DC100,0,0,0,0
DC126,3,0.279513478,0.279513478,0.279513478
DC127,3,0.279513478,0.279513478,0.279513478
DC128,3,0.279513478,0.279513478,0.279513478
DC129,3,0.279513478,0.279513478,0.279513478
DC97,0,0,0,0
DC98,0,0,0,0
DC99,0,0,0,0
DD100,4,0.323185981,0.323185981,0.323185981
DD124,8,0.485455727,0.485455727,0.485455727
DD125,8,0.485455727,0.485455727,0.485455727
DD126,2,0.243709779,0.243709779,0.243709779
DD127,2,0.243709779,0.243709779,0.243709779
DD128,2,0.243709779,0.243709779,0.243709779
DD129,2,0.243709779,0.243709779,0.243709779
DD136,9,0.524818318,0.524818318,0.524818318
DD137,9,0.524818318,0.524818318,0.524818318
DD97,1,0.207377029,0.207377029,0.207377029
DD98,1,0.207377029,0.207377029,0.207377029
DD99,1,0.207377029,0.207377029,0.207377029
DE100,4,0.323185981,0.323185981,0.323185981
DE123,7,0.446717755,0.446717755,0.446717755
DE124,8,0.485455727,0.485455727,0.485455727
DE125,8,0.485455727,0.485455727,0.485455727
DE126,2,0.243709779,0.243709779,0.243709779
DE127,2,0.243709779,0.243709779,0.243709779
DE128,2,0.243709779,0.243709779,0.243709779
DE129,2,0.243709779,0.243709779,0.243709779
DE136,9,0.524818318,0.524818318,0.524818318
DE137,9,0.524818318,0.524818318,0.524818318
DE97,1,0.207377029,0.207377029,0.207377029
DE98,1,0.207377029,0.207377029,0.207377029
DE99,1,0.207377029,0.207377029,0.207377029
DF100,11,0.615661473,0.615661473,0.615661473
DF122,8,0.485455727,0.485455727,0.485455727
DF123,8,0.485455727,0.485455727,0.485455727
DF124,5,0.372084908,0.372084908,0.372084908
DF125,5,0.372084908,0.372084908,0.372084908
DF126,3,0.279513478,0.279513478,0.279513478
DF127,3,0.279513478,0.279513478,0.279513478
DF128,4,0.323185981,0.323185981,0.323185981
DF135,8,0.485455727,0.485455727,0.485455727
DF136,6,0.412731283,0.412731283,0.412731283
DF137,6,0.412731283,0.412731283,0.412731283
DF97,3,0.279513478,0.279513478,0.279513478
DF98,5,0.372084908,0.372084908,0.372084908
DF99,5,0.372084908,0.372084908,0.372084908
DG121,12,0.66177566,0.66177566,0.66177566
DG122,8,0.485455727,0.485455727,0.485455727
DG123,8,0.485455727,0.485455727,0.485455727
DG124,5,0.372084908,0.372084908,0.372084908
DG125,5,0.372084908,0.372084908,0.372084908
DG126,3,0.279513478,0.279513478,0.279513478
DG134,8,0.485455727,0.485455727,0.485455727
DG135,8,0.485455727,0.485455727,0.485455727
DG136,6,0.412731283,0.412731283,0.412731283
DG97,3,0.279513478,0.279513478,0.279513478
DG98,5,0.372084908,0.372084908,0.372084908
DG99,5,0.372084908,0.372084908,0.372084908
DH117,10,0.559961862,0.559961862,0.559961862
DH118,6,0.412731283,0.412731283,0.412731283
DH119,6,0.412731283,0.412731283,0.412731283
DH120,6,0.412731283,0.412731283,0.412731283
DH121,6,0.412731283,0.412731283,0.412731283
DH122,7,0.446717755,0.446717755,0.446717755
DH123,7,0.446717755,0.446717755,0.446717755
DH124,2,0.243709779,0.243709779,0.243709779
DH125,2,0.243709779,0.243709779,0.243709779
DH126,3,0.279513478,0.279513478,0.279513478
DH134,11,0.615661473,0.615661473,0.615661473
DH135,11,0.615661473,0.615661473,0.615661473
DH136,9,0.524818318,0.524818318,0.524818318
DH137,9,0.524818318,0.524818318,0.524818318
DH138,10,0.559961862,0.559961862,0.559961862
DH153,14,0.706519155,0.706519155,0.706519155
DH154,13,0.67866837,0.67866837,0.67866837
DH96,5,0.372084908,0.372084908,0.372084908
DH97,5,0.372084908,0.372084908,0.372084908
DH98,7,0.446717755,0.446717755,0.446717755
DH99,7,0.446717755,0.446717755,0.446717755
DI115,13,0.67866837,0.67866837,0.67866837
DI116,10,0.559961862,0.559961862,0.559961862
DI117,10,0.559961862,0.559961862,0.559961862
DI118,6,0.412731283,0.412731283,0.412731283
DI119,6,0.412731283,0.412731283,0.412731283
DI120,6,0.412731283,0.412731283,0.412731283
DI121,6,0.412731283,0.412731283,0.412731283
DI122,7,0.446717755,0.446717755,0.446717755
DI123,7,0.446717755,0.446717755,0.446717755
DI124,2,0.243709779,0.243709779,0.243709779
DI134,11,0.615661473,0.615661473,0.615661473
DI135,11,0.615661473,0.615661473,0.615661473
DI136,9,0.524818318,0.524818318,0.524818318
DI137,9,0.524818318,0.524818318,0.524818318
DI138,10,0.559961862,0.559961862,0.559961862
DI153,14,0.706519155,0.706519155,0.706519155
DI154,13,0.67866837,0.67866837,0.67866837
DI155,13,0.67866837,0.67866837,0.67866837
DI95,6,0.412731283,0.412731283,0.412731283
DI96,5,0.372084908,0.372084908,0.372084908
DI97,5,0.372084908,0.372084908,0.372084908
DI98,7,0.446717755,0.446717755,0.446717755
DJ112,11,0.615661473,0.615661473,0.615661473
DJ113,11,0.615661473,0.615661473,0.615661473
DJ114,3,0.279513478,0.279513478,0.279513478
DJ115,3,0.279513478,0.279513478,0.279513478
DJ116,4,0.323185981,0.323185981,0.323185981
DJ117,4,0.323185981,0.323185981,0.323185981
DJ118,4,0.323185981,0.323185981,0.323185981
DJ119,4,0.323185981,0.323185981,0.323185981
DJ120,6,0.412731283,0.412731283,0.412731283
DJ121,6,0.412731283,0.412731283,0.412731283
DJ122,2,0.243709779,0.243709779,0.243709779
DJ133,1,0.207377029,0.207377029,0.207377029
DJ134,4,0.323185981,0.323185981,0.323185981
DJ135,4,0.323185981,0.323185981,0.323185981
DJ136,4,0.323185981,0.323185981,0.323185981
DJ137,4,0.323185981,0.323185981,0.323185981
DJ138,5,0.372084908,0.372084908,0.372084908
DJ153,12,0.66177566,0.66177566,0.66177566
DJ154,10,0.559961862,0.559961862,0.559961862
DJ155,10,0.559961862,0.559961862,0.559961862
DJ94,8,0.485455727,0.485455727,0.485455727
DJ95,8,0.485455727,0.485455727,0.485455727
DJ96,8,0.485455727,0.485455727,0.485455727
DJ97,8,0.485455727,0.485455727,0.485455727
DK112,11,0.615661473,0.615661473,0.615661473
DK113,11,0.615661473,0.615661473,0.615661473
DK114,3,0.279513478,0.279513478,0.279513478
DK115,3,0.279513478,0.279513478,0.279513478
DK116,4,0.323185981,0.323185981,0.323185981
DK117,4,0.323185981,0.323185981,0.323185981
DK118,4,0.323185981,0.323185981,0.323185981
DK119,4,0.323185981,0.323185981,0.323185981
DK121,6,0.412731283,0.412731283,0.412731283
DK134,4,0.323185981,0.323185981,0.323185981
DK135,4,0.323185981,0.323185981,0.323185981
DK136,4,0.323185981,0.323185981,0.323185981
DK137,4,0.323185981,0.323185981,0.323185981
DK93,3,0.279513478,0.279513478,0.279513478
DK94,8,0.485455727,0.485455727,0.485455727
DK95,8,0.485455727,0.485455727,0.485455727
DK96,8,0.485455727,0.485455727,0.485455727
DK97,8,0.485455727,0.485455727,0.485455727
DL112,10,0.559961862,0.559961862,0.559961862
DL113,10,0.559961862,0.559961862,0.559961862
DL114,10,0.559961862,0.559961862,0.559961862
DL115,10,0.559961862,0.559961862,0.559961862
DL134,6,0.412731283,0.412731283,0.412731283
DL135,6,0.412731283,0.412731283,0.412731283
DL136,7,0.446717755,0.446717755,0.446717755
DL137,7,0.446717755,0.446717755,0.446717755
DL92,8,0.485455727,0.485455727,0.485455727
DL93,8,0.485455727,0.485455727,0.485455727
DL94,11,0.615661473,0.615661473,0.615661473
DL95,11,0.615661473,0.615661473,0.615661473
DL96,8,0.485455727,0.485455727,0.485455727
DM106,7,0.446717755,0.446717755,0.446717755
DM107,7,0.446717755,0.446717755,0.446717755
DM112,10,0.559961862,0.559961862,0.559961862
DM113,10,0.559961862,0.559961862,0.559961862
DM114,10,0.559961862,0.559961862,0.559961862
DM133,3,0.279513478,0.279513478,0.279513478
DM134,6,0.412731283,0.412731283,0.412731283
DM135,6,0.412731283,0.412731283,0.412731283
DM136,7,0.446717755,0.446717755,0.446717755
DM137,7,0.446717755,0.446717755,0.446717755
DM89,6,0.412731283,0.412731283,0.412731283
DM90,5,0.372084908,0.372084908,0.372084908
DM91,5,0.372084908,0.372084908,0.372084908
DM92,8,0.485455727,0.485455727,0.485455727
DM93,8,0.485455727,0.485455727,0.485455727
DM94,11,0.615661473,0.615661473,0.615661473
DM95,11,0.615661473,0.615661473,0.615661473
DN106,19,0.817644093,0.817644093,0.817644093
DN107,19,0.817644093,0.817644093,0.817644093
DN108,19,0.817644093,0.817644093,0.817644093
DN111,5,0.372084908,0.372084908,0.372084908
DN112,8,0.485455727,0.485455727,0.485455727
DN113,8,0.485455727,0.485455727,0.485455727
DN114,6,0.412731283,0.412731283,0.412731283
DN133,5,0.372084908,0.372084908,0.372084908
DN134,8,0.485455727,0.485455727,0.485455727
DN135,8,0.485455727,0.485455727,0.485455727
DN136,8,0.485455727,0.485455727,0.485455727
DN87,2,0.243709779,0.243709779,0.243709779
DN88,6,0.412731283,0.412731283,0.412731283
DN89,6,0.412731283,0.412731283,0.412731283
DN90,5,0.372084908,0.372084908,0.372084908
DN91,5,0.372084908,0.372084908,0.372084908
DN92,8,0.485455727,0.485455727,0.485455727
DN93,8,0.485455727,0.485455727,0.485455727
DO106,19,0.817644093,0.817644093,0.817644093
DO107,19,0.817644093,0.817644093,0.817644093
DO110,5,0.372084908,0.372084908,0.372084908
DO111,5,0.372084908,0.372084908,0.372084908
DO112,8,0.485455727,0.485455727,0.485455727
DO113,8,0.485455727,0.485455727,0.485455727
DO133,5,0.372084908,0.372084908,0.372084908
DO134,8,0.485455727,0.485455727,0.485455727
DO135,8,0.485455727,0.485455727,0.485455727
DO136,8,0.485455727,0.485455727,0.485455727
DO85,3,0.279513478,0.279513478,0.279513478
DO86,2,0.243709779,0.243709779,0.243709779
DO87,2,0.243709779,0.243709779,0.243709779
DO88,6,0.412731283,0.412731283,0.412731283
DO89,6,0.412731283,0.412731283,0.412731283
DO90,5,0.372084908,0.372084908,0.372084908
DO91,5,0.372084908,0.372084908,0.372084908
DO92,8,0.485455727,0.485455727,0.485455727
DP110,7,0.446717755,0.446717755,0.446717755
DP111,7,0.446717755,0.446717755,0.446717755
DP112,7,0.446717755,0.446717755,0.446717755
DP113,7,0.446717755,0.446717755,0.446717755
DP133,7,0.446717755,0.446717755,0.446717755
DP134,11,0.615661473,0.615661473,0.615661473
DP135,11,0.615661473,0.615661473,0.615661473
DP82,3,0.279513478,0.279513478,0.279513478
DP83,3,0.279513478,0.279513478,0.279513478
DP84,10,0.559961862,0.559961862,0.559961862
DP85,10,0.559961862,0.559961862,0.559961862
DP86,14,0.706519155,0.706519155,0.706519155
DP87,14,0.706519155,0.706519155,0.706519155
DP88,19,0.817644093,0.817644093,0.817644093
DP89,19,0.817644093,0.817644093,0.817644093
DQ111,7,0.446717755,0.446717755,0.446717755
DQ112,7,0.446717755,0.446717755,0.446717755
DQ113,7,0.446717755,0.446717755,0.446717755
DQ133,7,0.446717755,0.446717755,0.446717755
DQ134,11,0.615661473,0.615661473,0.615661473
DQ135,11,0.615661473,0.615661473,0.615661473
DQ82,3,0.279513478,0.279513478,0.279513478
DQ83,3,0.279513478,0.279513478,0.279513478
DQ84,10,0.559961862,0.559961862,0.559961862
DQ85,10,0.559961862,0.559961862,0.559961862
DQ86,14,0.706519155,0.706519155,0.706519155
DQ87,14,0.706519155,0.706519155,0.706519155
DR111,6,0.412731283,0.412731283,0.412731283
DR112,5,0.372084908,0.372084908,0.372084908
DR113,5,0.372084908,0.372084908,0.372084908
DR132,9,0.524818318,0.524818318,0.524818318
DR133,9,0.524818318,0.524818318,0.524818318
DR134,11,0.615661473,0.615661473,0.615661473
DR82,4,0.323185981,0.323185981,0.323185981
DR83,4,0.323185981,0.323185981,0.323185981
DR84,2,0.243709779,0.243709779,0.243709779
DR85,2,0.243709779,0.243709779,0.243709779
DS111,6,0.412731283,0.412731283,0.412731283
DS112,5,0.372084908,0.372084908,0.372084908
DS113,5,0.372084908,0.372084908,0.372084908
DS132,9,0.524818318,0.524818318,0.524818318
DS133,9,0.524818318,0.524818318,0.524818318
DS134,11,0.615661473,0.615661473,0.615661473
DS81,3,0.279513478,0.279513478,0.279513478
DS82,4,0.323185981,0.323185981,0.323185981
DS83,4,0.323185981,0.323185981,0.323185981
DS84,2,0.243709779,0.243709779,0.243709779
DT111,9,0.524818318,0.524818318,0.524818318
DT112,4,0.323185981,0.323185981,0.323185981
DT113,4,0.323185981,0.323185981,0.323185981
DT114,6,0.412731283,0.412731283,0.412731283
DT79,5,0.372084908,0.372084908,0.372084908
DT80,2,0.243709779,0.243709779,0.243709779
DT81,2,0.243709779,0.243709779,0.243709779
DT82,0,0,0,0
DT83,0,0,0,0
DU111,9,0.524818318,0.524818318,0.524818318
DU112,4,0.323185981,0.323185981,0.323185981
DU113,4,0.323185981,0.323185981,0.323185981
DU114,6,0.412731283,0.412731283,0.412731283
DU78,5,0.372084908,0.372084908,0.372084908
DU79,5,0.372084908,0.372084908,0.372084908
DU80,2,0.243709779,0.243709779,0.243709779
DU81,2,0.243709779,0.243709779,0.243709779
DU82,0,0,0,0
DV112,20,0.892184406,0.892184406,0.892184406
DV113,20,0.892184406,0.892184406,0.892184406
DV114,5,0.372084908,0.372084908,0.372084908
DV77,5,0.372084908,0.372084908,0.372084908
DV78,4,0.323185981,0.323185981,0.323185981
DV79,4,0.323185981,0.323185981,0.323185981
DV80,5,0.372084908,0.372084908,0.372084908
DV81,5,0.372084908,0.372084908,0.372084908
DV82,7,0.446717755,0.446717755,0.446717755
DW112,20,0.892184406,0.892184406,0.892184406
DW113,20,0.892184406,0.892184406,0.892184406
DW114,5,0.372084908,0.372084908,0.372084908
DW115,5,0.372084908,0.372084908,0.372084908
DW189,7,0.446717755,0.446717755,0.446717755
DW190,8,0.485455727,0.485455727,0.485455727
DW73,3,0.279513478,0.279513478,0.279513478
DW74,3,0.279513478,0.279513478,0.279513478
DW75,3,0.279513478,0.279513478,0.279513478
DW76,5,0.372084908,0.372084908,0.372084908
DW77,5,0.372084908,0.372084908,0.372084908
DW78,4,0.323185981,0.323185981,0.323185981
DW79,4,0.323185981,0.323185981,0.323185981
DW80,5,0.372084908,0.372084908,0.372084908
DX112,10,0.559961862,0.559961862,0.559961862
DX113,10,0.559961862,0.559961862,0.559961862
DX114,11,0.615661473,0.615661473,0.615661473
DX115,11,0.615661473,0.615661473,0.615661473
DX131,11,0.615661473,0.615661473,0.615661473
DX188,13,0.67866837,0.67866837,0.67866837
DX189,13,0.67866837,0.67866837,0.67866837
DX190,11,0.615661473,0.615661473,0.615661473
DX191,11,0.615661473,0.615661473,0.615661473
DX73,3,0.279513478,0.279513478,0.279513478
DX74,3,0.279513478,0.279513478,0.279513478
DX75,3,0.279513478,0.279513478,0.279513478
DX76,1,0.207377029,0.207377029,0.207377029
DX77,1,0.207377029,0.207377029,0.207377029
DX78,4,0.323185981,0.323185981,0.323185981
DX79,4,0.323185981,0.323185981,0.323185981
DY112,10,0.559961862,0.559961862,0.559961862
DY113,10,0.559961862,0.559961862,0.559961862
DY114,11,0.615661473,0.615661473,0.615661473
DY115,11,0.615661473,0.615661473,0.615661473
DY130,11,0.615661473,0.615661473,0.615661473
DY131,11,0.615661473,0.615661473,0.615661473
DY132,17,0.775393374,0.775393374,0.775393374
DY165,7,0.446717755,0.446717755,0.446717755
DY166,7,0.446717755,0.446717755,0.446717755
DY167,7,0.446717755,0.446717755,0.446717755
DY188,13,0.67866837,0.67866837,0.67866837
DY189,13,0.67866837,0.67866837,0.67866837
DY190,11,0.615661473,0.615661473,0.615661473
DY191,11,0.615661473,0.615661473,0.615661473
DY73,3,0.279513478,0.279513478,0.279513478
DY74,3,0.279513478,0.279513478,0.279513478
DY75,3,0.279513478,0.279513478,0.279513478
DY76,1,0.207377029,0.207377029,0.207377029
DY77,1,0.207377029,0.207377029,0.207377029
DY78,4,0.323185981,0.323185981,0.323185981
DZ112,7,0.446717755,0.446717755,0.446717755
DZ113,7,0.446717755,0.446717755,0.446717755
DZ114,15,0.735874825,0.735874825,0.735874825
DZ115,15,0.735874825,0.735874825,0.735874825
DZ130,15,0.735874825,0.735874825,0.735874825
DZ131,15,0.735874825,0.735874825,0.735874825
DZ132,17,0.775393374,0.775393374,0.775393374
DZ164,4,0.323185981,0.323185981,0.323185981
DZ165,4,0.323185981,0.323185981,0.323185981
DZ166,2,0.243709779,0.243709779,0.243709779
DZ167,2,0.243709779,0.243709779,0.243709779
DZ168,11,0.615661473,0.615661473,0.615661473
DZ189,12,0.66177566,0.66177566,0.66177566
DZ190,11,0.615661473,0.615661473,0.615661473
DZ73,5,0.372084908,0.372084908,0.372084908
DZ74,4,0.323185981,0.323185981,0.323185981
DZ75,4,0.323185981,0.323185981,0.323185981
DZ76,5,0.372084908,0.372084908,0.372084908
E108,0,0,0,0
E109,0,0,0,0
E110,0,0,0,0
E111,0,0,0,0
E119,0,0,0,0
E123,0,0,0,0
E124,0,0,0,0
E125,0,0,0,0
E126,0,0,0,0
E127,0,0,0,0
E130,0,0,0,0
E131,0,0,0,0
E132,0,0,0,0
E133,0,0,0,0
E134,0,0,0,0
E135,0,0,0,0
E136,0,0,0,0
E139,0,0,0,0
E140,0,0,0,0
E141,0,0,0,0
EA111,10,0.559961862,0.559961862,0.559961862
EA112,7,0.446717755,0.446717755,0.446717755
EA113,7,0.446717755,0.446717755,0.446717755
EA114,15,0.735874825,0.735874825,0.735874825
EA130,15,0.735874825,0.735874825,0.735874825
EA131,15,0.735874825,0.735874825,0.735874825
EA164,4,0.323185981,0.323185981,0.323185981
EA165,4,0.323185981,0.323185981,0.323185981
EA166,2,0.243709779,0.243709779,0.243709779
EA167,2,0.243709779,0.243709779,0.243709779
EA168,11,0.615661473,0.615661473,0.615661473
EA73,5,0.372084908,0.372084908,0.372084908
EA74,4,0.323185981,0.323185981,0.323185981
EA75,4,0.323185981,0.323185981,0.323185981
EA76,5,0.372084908,0.372084908,0.372084908
EB111,16,0.760608197,0.760608197,0.760608197
EB112,6,0.412731283,0.412731283,0.412731283
EB113,6,0.412731283,0.412731283,0.412731283
EB114,9,0.524818318,0.524818318,0.524818318
EB164,7,0.446717755,0.446717755,0.446717755
EB165,7,0.446717755,0.446717755,0.446717755
EB166,5,0.372084908,0.372084908,0.372084908
EB167,5,0.372084908,0.372084908,0.372084908
EB168,7,0.446717755,0.446717755,0.446717755
EB73,3,0.279513478,0.279513478,0.279513478
EB74,4,0.323185981,0.323185981,0.323185981
EB75,4,0.323185981,0.323185981,0.323185981
EB76,2,0.243709779,0.243709779,0.243709779
EB77,2,0.243709779,0.243709779,0.243709779
EC110,16,0.760608197,0.760608197,0.760608197
EC111,16,0.760608197,0.760608197,0.760608197
EC112,6,0.412731283,0.412731283,0.412731283
EC113,6,0.412731283,0.412731283,0.412731283
EC128,22,1,1,1
EC129,22,1,1,1
EC130,18,0.785340107,0.785340107,0.785340107
EC156,7,0.446717755,0.446717755,0.446717755
EC157,7,0.446717755,0.446717755,0.446717755
EC158,10,0.559961862,0.559961862,0.559961862
EC165,7,0.446717755,0.446717755,0.446717755
EC166,5,0.372084908,0.372084908,0.372084908
EC167,5,0.372084908,0.372084908,0.372084908
EC74,4,0.323185981,0.323185981,0.323185981
EC75,4,0.323185981,0.323185981,0.323185981
EC76,2,0.243709779,0.243709779,0.243709779
EC77,2,0.243709779,0.243709779,0.243709779
ED109,3,0.279513478,0.279513478,0.279513478
ED110,8,0.485455727,0.485455727,0.485455727
ED111,8,0.485455727,0.485455727,0.485455727
ED112,9,0.524818318,0.524818318,0.524818318
ED128,3,0.279513478,0.279513478,0.279513478
ED129,3,0.279513478,0.279513478,0.279513478
ED130,6,0.412731283,0.412731283,0.412731283
ED156,4,0.323185981,0.323185981,0.323185981
ED157,4,0.323185981,0.323185981,0.323185981
ED158,5,0.372084908,0.372084908,0.372084908
ED159,5,0.372084908,0.372084908,0.372084908
ED160,8,0.485455727,0.485455727,0.485455727
ED75,6,0.412731283,0.412731283,0.412731283
ED76,2,0.243709779,0.243709779,0.243709779
ED77,2,0.243709779,0.243709779,0.243709779
EE109,3,0.279513478,0.279513478,0.279513478
EE110,8,0.485455727,0.485455727,0.485455727
EE111,8,0.485455727,0.485455727,0.485455727
EE112,9,0.524818318,0.524818318,0.524818318
EE129,3,0.279513478,0.279513478,0.279513478
EE130,6,0.412731283,0.412731283,0.412731283
EE156,4,0.323185981,0.323185981,0.323185981
EE157,4,0.323185981,0.323185981,0.323185981
EE158,5,0.372084908,0.372084908,0.372084908
EE159,5,0.372084908,0.372084908,0.372084908
EE160,8,0.485455727,0.485455727,0.485455727
EE75,6,0.412731283,0.412731283,0.412731283
EE76,2,0.243709779,0.243709779,0.243709779
EE77,2,0.243709779,0.243709779,0.243709779
EE78,1,0.207377029,0.207377029,0.207377029
EF108,6,0.412731283,0.412731283,0.412731283
EF109,6,0.412731283,0.412731283,0.412731283
EF110,9,0.524818318,0.524818318,0.524818318
EF111,9,0.524818318,0.524818318,0.524818318
EF156,8,0.485455727,0.485455727,0.485455727
EF157,8,0.485455727,0.485455727,0.485455727
EF158,6,0.412731283,0.412731283,0.412731283
EF159,6,0.412731283,0.412731283,0.412731283
EF160,3,0.279513478,0.279513478,0.279513478
EF75,4,0.323185981,0.323185981,0.323185981
EF76,8,0.485455727,0.485455727,0.485455727
EF77,8,0.485455727,0.485455727,0.485455727
EF78,4,0.323185981,0.323185981,0.323185981
EF79,4,0.323185981,0.323185981,0.323185981
EG108,6,0.412731283,0.412731283,0.412731283
EG109,6,0.412731283,0.412731283,0.412731283
EG110,9,0.524818318,0.524818318,0.524818318
EG76,8,0.485455727,0.485455727,0.485455727
EG77,8,0.485455727,0.485455727,0.485455727
EG78,4,0.323185981,0.323185981,0.323185981
EG79,4,0.323185981,0.323185981,0.323185981
EH108,10,0.559961862,0.559961862,0.559961862
EH109,10,0.559961862,0.559961862,0.559961862
EH110,9,0.524818318,0.524818318,0.524818318
EH76,4,0.323185981,0.323185981,0.323185981
EH77,4,0.323185981,0.323185981,0.323185981
EH78,4,0.323185981,0.323185981,0.323185981
EH79,4,0.323185981,0.323185981,0.323185981
EH96,11,0.615661473,0.615661473,0.615661473
EH97,11,0.615661473,0.615661473,0.615661473
EH98,14,0.706519155,0.706519155,0.706519155
EI108,10,0.559961862,0.559961862,0.559961862
EI109,10,0.559961862,0.559961862,0.559961862
EI110,9,0.524818318,0.524818318,0.524818318
EI76,4,0.323185981,0.323185981,0.323185981
EI77,4,0.323185981,0.323185981,0.323185981
EI78,4,0.323185981,0.323185981,0.323185981
EI79,4,0.323185981,0.323185981,0.323185981
EI96,11,0.615661473,0.615661473,0.615661473
EI97,11,0.615661473,0.615661473,0.615661473
EI98,14,0.706519155,0.706519155,0.706519155
EJ108,8,0.485455727,0.485455727,0.485455727
EJ109,8,0.485455727,0.485455727,0.485455727
EJ110,9,0.524818318,0.524818318,0.524818318
EJ76,3,0.279513478,0.279513478,0.279513478
EJ77,3,0.279513478,0.279513478,0.279513478
EJ78,1,0.207377029,0.207377029,0.207377029
EJ79,1,0.207377029,0.207377029,0.207377029
EJ96,3,0.279513478,0.279513478,0.279513478
EJ97,3,0.279513478,0.279513478,0.279513478
EJ98,8,0.485455727,0.485455727,0.485455727
EK108,8,0.485455727,0.485455727,0.485455727
EK109,8,0.485455727,0.485455727,0.485455727
EK110,9,0.524818318,0.524818318,0.524818318
EK111,9,0.524818318,0.524818318,0.524818318
EK77,3,0.279513478,0.279513478,0.279513478
EK78,1,0.207377029,0.207377029,0.207377029
EK79,1,0.207377029,0.207377029,0.207377029
EL108,11,0.615661473,0.615661473,0.615661473
EL109,11,0.615661473,0.615661473,0.615661473
EL110,2,0.243709779,0.243709779,0.243709779
EL111,2,0.243709779,0.243709779,0.243709779
EL126,6,0.412731283,0.412731283,0.412731283
EL127,6,0.412731283,0.412731283,0.412731283
EL128,4,0.323185981,0.323185981,0.323185981
EL77,1,0.207377029,0.207377029,0.207377029
EL78,5,0.372084908,0.372084908,0.372084908
EL79,5,0.372084908,0.372084908,0.372084908
EM109,11,0.615661473,0.615661473,0.615661473
EM110,2,0.243709779,0.243709779,0.243709779
EM111,2,0.243709779,0.243709779,0.243709779
EM112,4,0.323185981,0.323185981,0.323185981
EM125,5,0.372084908,0.372084908,0.372084908
EM126,6,0.412731283,0.412731283,0.412731283
EM127,6,0.412731283,0.412731283,0.412731283
EM128,4,0.323185981,0.323185981,0.323185981
EM76,1,0.207377029,0.207377029,0.207377029
EM77,1,0.207377029,0.207377029,0.207377029
EM78,5,0.372084908,0.372084908,0.372084908
EM79,5,0.372084908,0.372084908,0.372084908
EN109,10,0.559961862,0.559961862,0.559961862
EN110,9,0.524818318,0.524818318,0.524818318
EN111,9,0.524818318,0.524818318,0.524818318
EN112,5,0.372084908,0.372084908,0.372084908
EN125,1,0.207377029,0.207377029,0.207377029
EN126,3,0.279513478,0.279513478,0.279513478
EN127,3,0.279513478,0.279513478,0.279513478
EN76,4,0.323185981,0.323185981,0.323185981
EN77,4,0.323185981,0.323185981,0.323185981
EN78,1,0.207377029,0.207377029,0.207377029
EN79,1,0.207377029,0.207377029,0.207377029
EO109,10,0.559961862,0.559961862,0.559961862
EO110,9,0.524818318,0.524818318,0.524818318
EO111,9,0.524818318,0.524818318,0.524818318
EO125,1,0.207377029,0.207377029,0.207377029
EO126,3,0.279513478,0.279513478,0.279513478
EO127,3,0.279513478,0.279513478,0.279513478
EO76,4,0.323185981,0.323185981,0.323185981
EO77,4,0.323185981,0.323185981,0.323185981
EO78,1,0.207377029,0.207377029,0.207377029
EO79,1,0.207377029,0.207377029,0.207377029
EP109,11,0.615661473,0.615661473,0.615661473
EP110,6,0.412731283,0.412731283,0.412731283
EP111,6,0.412731283,0.412731283,0.412731283
EP124,3,0.279513478,0.279513478,0.279513478
EP125,3,0.279513478,0.279513478,0.279513478
EP126,2,0.243709779,0.243709779,0.243709779
EP127,2,0.243709779,0.243709779,0.243709779
EP76,0,0,0,0
EP77,0,0,0,0
EP78,3,0.279513478,0.279513478,0.279513478
EP79,3,0.279513478,0.279513478,0.279513478
EQ109,11,0.615661473,0.615661473,0.615661473
EQ110,6,0.412731283,0.412731283,0.412731283
EQ111,6,0.412731283,0.412731283,0.412731283
EQ112,6,0.412731283,0.412731283,0.412731283
EQ124,3,0.279513478,0.279513478,0.279513478
EQ125,3,0.279513478,0.279513478,0.279513478
EQ126,2,0.243709779,0.243709779,0.243709779
EQ75,1,0.207377029,0.207377029,0.207377029
EQ76,0,0,0,0
EQ77,0,0,0,0
EQ78,3,0.279513478,0.279513478,0.279513478
EQ79,3,0.279513478,0.279513478,0.279513478
ER109,10,0.559961862,0.559961862,0.559961862
ER110,8,0.485455727,0.485455727,0.485455727
ER111,8,0.485455727,0.485455727,0.485455727
ER112,7,0.446717755,0.446717755,0.446717755
ER123,1,0.207377029,0.207377029,0.207377029
ER124,6,0.412731283,0.412731283,0.412731283
ER125,6,0.412731283,0.412731283,0.412731283
ER126,5,0.372084908,0.372084908,0.372084908
ER73,1,0.207377029,0.207377029,0.207377029
ER74,1,0.207377029,0.207377029,0.207377029
ER75,1,0.207377029,0.207377029,0.207377029
ER76,0,0,0,0
ER77,0,0,0,0
ER78,1,0.207377029,0.207377029,0.207377029
ES110,8,0.485455727,0.485455727,0.485455727
ES111,8,0.485455727,0.485455727,0.485455727
ES112,7,0.446717755,0.446717755,0.446717755
ES113,7,0.446717755,0.446717755,0.446717755
ES121,1,0.207377029,0.207377029,0.207377029
ES122,1,0.207377029,0.207377029,0.207377029
ES123,1,0.207377029,0.207377029,0.207377029
ES124,6,0.412731283,0.412731283,0.412731283
ES125,6,0.412731283,0.412731283,0.412731283
ES70,1,0.207377029,0.207377029,0.207377029
ES71,1,0.207377029,0.207377029,0.207377029
ES72,1,0.207377029,0.207377029,0.207377029
ES73,1,0.207377029,0.207377029,0.207377029
ES74,1,0.207377029,0.207377029,0.207377029
ES75,1,0.207377029,0.207377029,0.207377029
ES76,0,0,0,0
ES77,0,0,0,0
ET111,5,0.372084908,0.372084908,0.372084908
ET112,5,0.372084908,0.372084908,0.372084908
ET113,5,0.372084908,0.372084908,0.372084908
ET114,3,0.279513478,0.279513478,0.279513478
ET115,3,0.279513478,0.279513478,0.279513478
ET116,2,0.243709779,0.243709779,0.243709779
ET118,0,0,0,0
ET119,0,0,0,0
ET120,2,0.243709779,0.243709779,0.243709779
ET121,2,0.243709779,0.243709779,0.243709779
ET122,5,0.372084908,0.372084908,0.372084908
ET123,5,0.372084908,0.372084908,0.372084908
ET124,5,0.372084908,0.372084908,0.372084908
ET125,5,0.372084908,0.372084908,0.372084908
ET68,0,0,0,0
ET69,0,0,0,0
ET70,0,0,0,0
ET71,0,0,0,0
ET72,0,0,0,0
ET73,0,0,0,0
ET74,0,0,0,0
ET75,0,0,0,0
EU111,5,0.372084908,0.372084908,0.372084908
EU112,5,0.372084908,0.372084908,0.372084908
EU113,5,0.372084908,0.372084908,0.372084908
EU114,3,0.279513478,0.279513478,0.279513478
EU115,3,0.279513478,0.279513478,0.279513478
EU116,2,0.243709779,0.243709779,0.243709779
EU117,2,0.243709779,0.243709779,0.243709779
EU118,0,0,0,0
EU119,0,0,0,0
EU120,2,0.243709779,0.243709779,0.243709779
EU121,2,0.243709779,0.243709779,0.243709779
EU122,5,0.372084908,0.372084908,0.372084908
EU123,5,0.372084908,0.372084908,0.372084908
EU124,5,0.372084908,0.372084908,0.372084908
EU66,1,0.207377029,0.207377029,0.207377029
EU67,1,0.207377029,0.207377029,0.207377029
EU68,0,0,0,0
EU69,0,0,0,0
EU70,0,0,0,0
EU71,0,0,0,0
EU72,0,0,0,0
EV113,4,0.323185981,0.323185981,0.323185981
EV114,10,0.559961862,0.559961862,0.559961862
EV115,10,0.559961862,0.559961862,0.559961862
EV116,4,0.323185981,0.323185981,0.323185981
EV117,4,0.323185981,0.323185981,0.323185981
EV118,6,0.412731283,0.412731283,0.412731283
EV119,6,0.412731283,0.412731283,0.412731283
EV120,6,0.412731283,0.412731283,0.412731283
EV121,6,0.412731283,0.412731283,0.412731283
EV66,2,0.243709779,0.243709779,0.243709779
EV67,2,0.243709779,0.243709779,0.243709779
EV68,0,0,0,0
EV69,0,0,0,0
EV70,0,0,0,0
EW115,10,0.559961862,0.559961862,0.559961862
EW116,4,0.323185981,0.323185981,0.323185981
EW117,4,0.323185981,0.323185981,0.323185981
EW118,6,0.412731283,0.412731283,0.412731283
EW119,6,0.412731283,0.412731283,0.412731283
EW65,0,0,0,0
EW66,2,0.243709779,0.243709779,0.243709779
EW67,2,0.243709779,0.243709779,0.243709779
EW68,0,0,0,0
EW69,0,0,0,0
EX65,2,0.243709779,0.243709779,0.243709779
EX66,0,0,0,0
EX67,0,0,0,0
EX68,0,0,0,0
EX69,0,0,0,0
EY65,2,0.243709779,0.243709779,0.243709779
EY66,0,0,0,0
EY67,0,0,0,0
EY68,0,0,0,0
EZ66,0,0,0,0
EZ67,0,0,0,0
EZ68,0,0,0,0
F109,0,0,0,0
F110,0,0,0,0
F111,0,0,0,0
F116,0,0,0,0
F117,0,0,0,0
F118,0,0,0,0
F119,0,0,0,0
F120,0,0,0,0
F122,0,0,0,0
F123,0,0,0,0
F124,0,0,0,0
F125,0,0,0,0
F126,0,0,0,0
F127,0,0,0,0
F131,0,0,0,0
F132,0,0,0,0
F139,0,0,0,0
F140,0,0,0,0
F141,0,0,0,0
FA66,0,0,0,0
FA67,0,0,0,0
FA68,0,0,0,0
FB66,0,0,0,0
FB67,0,0,0,0
FB68,0,0,0,0
FC65,4,0.323185981,0.323185981,0.323185981
FC66,0,0,0,0
FC67,0,0,0,0
FC68,0,0,0,0
FD65,13,0.67866837,0.67866837,0.67866837
FD66,0,0,0,0
FD67,0,0,0,0
FD68,1,0.207377029,0.207377029,0.207377029
FE65,13,0.67866837,0.67866837,0.67866837
FE66,0,0,0,0
FE67,0,0,0,0
FF65,3,0.279513478,0.279513478,0.279513478
FF66,0,0,0,0
FF67,0,0,0,0
FG1,0,0,0,0
FG2,0,0,0,0
FG64,3,0.279513478,0.279513478,0.279513478
FG65,3,0.279513478,0.279513478,0.279513478
FG66,0,0,0,0
FG67,0,0,0,0
FH1,0,0,0,0
FH2,0,0,0,0
FH3,0,0,0,0
FH63,0,0,0,0
FH64,4,0.323185981,0.323185981,0.323185981
FH65,4,0.323185981,0.323185981,0.323185981
FH66,3,0.279513478,0.279513478,0.279513478
FI1,0,0,0,0
FI2,0,0,0,0
FI3,0,0,0,0
FI4,0,0,0,0
FI61,0,0,0,0
FI62,0,0,0,0
FI63,0,0,0,0
FI64,4,0.323185981,0.323185981,0.323185981
FI65,4,0.323185981,0.323185981,0.323185981
FI66,3,0.279513478,0.279513478,0.279513478
FJ1,0,0,0,0
FJ2,0,0,0,0
FJ3,0,0,0,0
FJ4,0,0,0,0
FJ60,0,0,0,0
FJ61,0,0,0,0
FJ62,0,0,0,0
FJ63,0,0,0,0
FJ64,1,0.207377029,0.207377029,0.207377029
FJ65,1,0.207377029,0.207377029,0.207377029
FK2,0,0,0,0
FK3,0,0,0,0
FK4,0,0,0,0
FK5,0,0,0,0
FK60,0,0,0,0
FK61,0,0,0,0
FK62,0,0,0,0
FK63,0,0,0,0
FL2,0,0,0,0
FL3,0,0,0,0
FL4,0,0,0,0
FL5,0,0,0,0
FL59,0,0,0,0
FL60,0,0,0,0
FL61,0,0,0,0
FL62,0,0,0,0
FM3,0,0,0,0
FM4,0,0,0,0
FM5,0,0,0,0
FM58,0,0,0,0
FM59,0,0,0,0
FM60,0,0,0,0
FM61,0,0,0,0
FN3,0,0,0,0
FN4,0,0,0,0
FN5,0,0,0,0
FN58,0,0,0,0
FN59,0,0,0,0
FN6,0,0,0,0
FN60,0,0,0,0
FN61,0,0,0,0
FO3,0,0,0,0
FO4,0,0,0,0
FO5,0,0,0,0
FO57,0,0,0,0
FO58,0,0,0,0
FO59,0,0,0,0
FO6,0,0,0,0
FO60,0,0,0,0
FP4,0,0,0,0
FP5,0,0,0,0
FP56,0,0,0,0
FP57,0,0,0,0
FP58,0,0,0,0
FP59,0,0,0,0
FP6,0,0,0,0
FP7,0,0,0,0
FQ4,0,0,0,0
FQ5,0,0,0,0
FQ56,0,0,0,0
FQ57,0,0,0,0
FQ58,0,0,0,0
FQ59,0,0,0,0
FQ6,0,0,0,0
FQ7,0,0,0,0
FR5,0,0,0,0
FR55,0,0,0,0
FR56,0,0,0,0
FR57,0,0,0,0
FR58,0,0,0,0
FR6,0,0,0,0
FR7,0,0,0,0
FR8,0,0,0,0
FS53,0,0,0,0
FS54,0,0,0,0
FS55,0,0,0,0
FS56,0,0,0,0
FS57,0,0,0,0
FS6,0,0,0,0
FS7,0,0,0,0
FS8,0,0,0,0
FS9,0,0,0,0
FT10,0,0,0,0
FT52,0,0,0,0
FT53,0,0,0,0
FT54,0,0,0,0
FT55,0,0,0,0
FT56,0,0,0,0
FT6,0,0,0,0
FT7,0,0,0,0
FT8,0,0,0,0
FT9,0,0,0,0
FU10,0,0,0,0
FU51,0,0,0,0
FU52,0,0,0,0
FU53,0,0,0,0
FU54,0,0,0,0
FU55,0,0,0,0
FU7,0,0,0,0
FU8,0,0,0,0
FU9,0,0,0,0
FV10,0,0,0,0
FV50,0,0,0,0
FV51,0,0,0,0
FV52,0,0,0,0
FV53,0,0,0,0
FV54,0,0,0,0
FV8,0,0,0,0
FV9,0,0,0,0
FW10,0,0,0,0
FW49,0,0,0,0
FW50,0,0,0,0
FW51,0,0,0,0
FW52,0,0,0,0
FW53,0,0,0,0
FW8,0,0,0,0
FW9,0,0,0,0
FX10,0,0,0,0
FX47,0,0,0,0
FX48,0,0,0,0
FX49,0,0,0,0
FX50,0,0,0,0
FX51,0,0,0,0
FX52,0,0,0,0
FX6,0,0,0,0
FX7,0,0,0,0
FX8,0,0,0,0
FX9,0,0,0,0
FY10,0,0,0,0
FY46,0,0,0,0
FY47,0,0,0,0
FY48,0,0,0,0
FY49,0,0,0,0
FY50,0,0,0,0
FY51,0,0,0,0
FY6,0,0,0,0
FY7,0,0,0,0
FY8,0,0,0,0
FY9,0,0,0,0
FZ44,0,0,0,0
FZ45,0,0,0,0
FZ46,0,0,0,0
FZ47,0,0,0,0
FZ48,0,0,0,0
FZ49,0,0,0,0
FZ6,0,0,0,0
FZ7,0,0,0,0
FZ8,0,0,0,0
FZ9,0,0,0,0
G113,0,0,0,0
G114,0,0,0,0
G115,0,0,0,0
G116,0,0,0,0
G117,0,0,0,0
G118,0,0,0,0
G119,0,0,0,0
G120,0,0,0,0
G123,0,0,0,0
G124,0,0,0,0
G139,0,0,0,0
G140,0,0,0,0
G141,0,0,0,0
G142,0,0,0,0
GA10,0,0,0,0
GA42,0,0,0,0
GA43,0,0,0,0
GA44,0,0,0,0
GA45,0,0,0,0
GA46,0,0,0,0
GA47,0,0,0,0
GA48,0,0,0,0
GA6,0,0,0,0
GA7,0,0,0,0
GA8,0,0,0,0
GA9,0,0,0,0
GB10,0,0,0,0
GB37,0,0,0,0
GB38,0,0,0,0
GB39,0,0,0,0
GB40,0,0,0,0
GB41,0,0,0,0
GB42,0,0,0,0
GB43,0,0,0,0
GB44,0,0,0,0
GB45,0,0,0,0
GB46,0,0,0,0
GB7,0,0,0,0
GB8,0,0,0,0
GB9,0,0,0,0
GC10,0,0,0,0
GC11,0,0,0,0
GC12,0,0,0,0
GC23,0,0,0,0
GC24,0,0,0,0
GC25,0,0,0,0
GC26,0,0,0,0
GC27,0,0,0,0
GC28,0,0,0,0
GC29,0,0,0,0
GC30,0,0,0,0
GC31,0,0,0,0
GC32,0,0,0,0
GC33,0,0,0,0
GC34,0,0,0,0
GC35,0,0,0,0
GC36,0,0,0,0
GC37,0,0,0,0
GC38,0,0,0,0
GC39,0,0,0,0
GC40,0,0,0,0
GC41,0,0,0,0
GC42,0,0,0,0
GC43,0,0,0,0
GC44,0,0,0,0
GC45,0,0,0,0
GC8,0,0,0,0
GC9,0,0,0,0
GD10,0,0,0,0
GD11,0,0,0,0
GD12,0,0,0,0
GD13,0,0,0,0
GD18,0,0,0,0
GD19,0,0,0,0
GD20,0,0,0,0
GD21,0,0,0,0
GD22,0,0,0,0
GD23,0,0,0,0
GD24,0,0,0,0
GD25,0,0,0,0
GD26,0,0,0,0
GD27,0,0,0,0
GD28,0,0,0,0
GD29,0,0,0,0
GD30,0,0,0,0
GD31,0,0,0,0
GD32,0,0,0,0
GD33,0,0,0,0
GD34,0,0,0,0
GD35,0,0,0,0
GD36,0,0,0,0
GD37,0,0,0,0
GD38,0,0,0,0
GD39,0,0,0,0
GD40,0,0,0,0
GD41,0,0,0,0
GD42,0,0,0,0
GD8,0,0,0,0
GD9,0,0,0,0
GE10,0,0,0,0
GE11,0,0,0,0
GE12,0,0,0,0
GE13,0,0,0,0
GE14,0,0,0,0
GE16,0,0,0,0
GE17,0,0,0,0
GE18,0,0,0,0
GE19,0,0,0,0
GE20,0,0,0,0
GE21,0,0,0,0
GE22,0,0,0,0
GE23,0,0,0,0
GE24,0,0,0,0
GE25,0,0,0,0
GE26,0,0,0,0
GE27,0,0,0,0
GE28,0,0,0,0
GE29,0,0,0,0
GE30,0,0,0,0
GE31,0,0,0,0
GE32,0,0,0,0
GE33,0,0,0,0
GE34,0,0,0,0
GE35,0,0,0,0
GE36,0,0,0,0
GE37,0,0,0,0
GE38,0,0,0,0
GE39,0,0,0,0
GE8,0,0,0,0
GE9,0,0,0,0
GF10,0,0,0,0
GF11,0,0,0,0
GF12,0,0,0,0
GF13,0,0,0,0
GF14,0,0,0,0
GF15,0,0,0,0
GF16,0,0,0,0
GF17,0,0,0,0
GF18,0,0,0,0
GF19,0,0,0,0
GF20,0,0,0,0
GF21,0,0,0,0
GF22,0,0,0,0
GF23,0,0,0,0
GF24,0,0,0,0
GF8,0,0,0,0
GF9,0,0,0,0
GG12,0,0,0,0
GG13,0,0,0,0
GG14,0,0,0,0
GG15,0,0,0,0
GG16,0,0,0,0
GG17,0,0,0,0
GG18,0,0,0,0
GH14,0,0,0,0
GH15,0,0,0,0
GH16,0,0,0,0
GH17,0,0,0,0
GR245,0,0,0,0
GR246,0,0,0,0
GR247,0,0,0,0
GS245,0,0,0,0
GS246,0,0,0,0
GS247,0,0,0,0
GT245,1,0.207377029,0.207377029,0.207377029
GT246,1,0.207377029,0.207377029,0.207377029
GT247,1,0.207377029,0.207377029,0.207377029
GV245,0,0,0,0
GV246,0,0,0,0
GV247,0,0,0,0
GW245,0,0,0,0
GW246,0,0,0,0
GW247,0,0,0,0
GX245,0,0,0,0
GX246,0,0,0,0
H113,0,0,0,0
H114,0,0,0,0
H115,0,0,0,0
H116,0,0,0,0
H117,0,0,0,0
H118,0,0,0,0
H139,0,0,0,0
H140,0,0,0,0
H141,0,0,0,0
H142,0,0,0,0
HY135,0,0,0,0
HY136,0,0,0,0
HY137,0,0,0,0
HY138,0,0,0,0
HZ135,0,0,0,0
HZ136,0,0,0,0
HZ137,0,0,0,0
HZ138,0,0,0,0
HZ142,0,0,0,0
HZ143,0,0,0,0
HZ144,0,0,0,0
I113,0,0,0,0
I114,0,0,0,0
I115,0,0,0,0
I116,0,0,0,0
I138,0,0,0,0
I139,0,0,0,0
I140,0,0,0,0
I141,0,0,0,0
I142,0,0,0,0
IA135,0,0,0,0
IA136,0,0,0,0
IA137,0,0,0,0
IA138,0,0,0,0
IA141,0,0,0,0
IA142,0,0,0,0
IA143,0,0,0,0
IA144,0,0,0,0
IA87,0,0,0,0
IA88,0,0,0,0
IB141,0,0,0,0
IB142,0,0,0,0
IB143,0,0,0,0
IB144,0,0,0,0
IB86,0,0,0,0
IB87,0,0,0,0
IB88,0,0,0,0
IB89,0,0,0,0
IC85,0,0,0,0
IC86,0,0,0,0
IC87,0,0,0,0
IC88,0,0,0,0
IC89,0,0,0,0
ID85,0,0,0,0
ID86,0,0,0,0
ID87,0,0,0,0
ID88,0,0,0,0
II209,0,0,0,0
II210,0,0,0,0
II211,0,0,0,0
II212,0,0,0,0
IJ209,0,0,0,0
IJ210,0,0,0,0
IJ211,0,0,0,0
IJ212,0,0,0,0
IJ213,0,0,0,0
IJ214,0,0,0,0
IJ215,0,0,0,0
IK209,0,0,0,0
IK210,0,0,0,0
IK211,0,0,0,0
IK212,0,0,0,0
IK213,0,0,0,0
IK214,0,0,0,0
IK215,0,0,0,0
IK216,0,0,0,0
IK217,0,0,0,0
IK218,0,0,0,0
IK219,0,0,0,0
IL209,0,0,0,0
IL210,0,0,0,0
IL211,0,0,0,0
IL212,0,0,0,0
IL213,0,0,0,0
IL214,0,0,0,0
IL215,0,0,0,0
IL216,0,0,0,0
IL217,0,0,0,0
IL218,0,0,0,0
IL219,0,0,0,0
IM209,0,0,0,0
IM210,0,0,0,0
IM211,0,0,0,0
IM212,0,0,0,0
IM213,0,0,0,0
IM214,0,0,0,0
IM215,0,0,0,0
IM216,0,0,0,0
IM217,0,0,0,0
IM218,0,0,0,0
IM219,0,0,0,0
IN209,0,0,0,0
IN210,0,0,0,0
IN211,0,0,0,0
IN212,0,0,0,0
IN213,0,0,0,0
IN214,0,0,0,0
IN215,0,0,0,0
IN216,0,0,0,0
IN217,0,0,0,0
IN218,0,0,0,0
IN219,0,0,0,0
IO209,0,0,0,0
IO210,0,0,0,0
IO211,0,0,0,0
IO212,0,0,0,0
IO213,0,0,0,0
IO214,0,0,0,0
IO215,0,0,0,0
IO216,0,0,0,0
IO217,0,0,0,0
IO218,0,0,0,0
J138,0,0,0,0
J139,0,0,0,0
J140,0,0,0,0
K138,0,0,0,0
K139,0,0,0,0
K140,0,0,0,0
L137,0,0,0,0
L138,0,0,0,0
L139,0,0,0,0
L140,0,0,0,0
M137,0,0,0,0
M138,0,0,0,0
M139,0,0,0,0
M140,0,0,0,0
N136,0,0,0,0
N137,0,0,0,0
N138,0,0,0,0
N139,0,0,0,0
O136,0,0,0,0
O137,0,0,0,0
O138,0,0,0,0
P135,0,0,0,0
P136,0,0,0,0
P137,0,0,0,0
P138,0,0,0,0
Q134,0,0,0,0
Q135,0,0,0,0
Q136,0,0,0,0
Q137,0,0,0,0
R134,0,0,0,0
R135,0,0,0,0
R136,0,0,0,0
R137,0,0,0,0
S133,0,0,0,0
S134,0,0,0,0
S135,0,0,0,0
S136,0,0,0,0
T133,0,0,0,0
T134,0,0,0,0
T135,0,0,0,0
T136,0,0,0,0
U132,0,0,0,0
U133,0,0,0,0
U134,0,0,0,0
U135,0,0,0,0
V132,0,0,0,0
V133,0,0,0,0
V134,0,0,0,0
W131,0,0,0,0
W132,0,0,0,0
W133,0,0,0,0
W134,0,0,0,0
X131,0,0,0,0
X132,0,0,0,0
X133,0,0,0,0
Y131,0,0,0,0
Y132,0,0,0,0
Y133,0,0,0,0
Z130,0,0,0,0
Z131,0,0,0,0
Z132,0,0,0,0
