HH_ID,Sensitivity,Adaptation capacity,Subsistence,Demography,Culture,Health,Learning,Assets,Flexibility,Agency,Organization
AMP25,0.557723129,0.396363831,0.1640925,0.052209829,0.1131928,0.228228,0.0857035,0.043855954,0.0025375,0.132903571,0.131363306
AMP2,0.468528667,0.385023337,0.088638,0.039540267,0.1881984,0.152152,0.096231667,0.035392408,0.039444833,0.111471429,0.102483
AMP94,0.5464772,0.367597948,0.084648667,0.019770133,0.0891344,0.352924,0.079946694,0.029245782,0.025930833,0.11475,0.117724639
AMP1,0.4035976,0.36607779,0.088638,0.0128896,0.049532,0.252538,0.0270595,0.034496873,0.020029333,0.157675,0.126817083
AMP77,0.477457167,0.424089807,0.129061167,0.053352,0.066816,0.228228,0.062754208,0.057977912,0.027028,0.151785714,0.124543972
AMP53,0.309481767,0.412957098,0.107556167,0.0429096,0.08294,0.076076,0.077807375,0.038604862,0.067579667,0.099875,0.129090194
AMP96,0.535545233,0.387239365,0.135581233,0.0429096,0.2049024,0.152152,0.065139889,0.038357694,0.009879333,0.162957143,0.110905306
AMP76,0.422065567,0.345816219,0.114076233,0.089538133,0.2184512,0,0.094338708,0.041801959,0.034713,0.107342857,0.067619694
AMPAS133,0.603888633,0.458281948,0.125071833,0.038912,0.2116768,0.228228,0.089074625,0.11029389,0.013514,0.123128571,0.122270861
AMPAS126,0.567735533,0.456473212,0.102164333,0.0661808,0.1225424,0.276848,0.094092347,0.082774397,0.029908667,0.103092857,0.146604944
AMPAS72,0.584494533,0.473244246,0.112673733,0,0.1949728,0.276848,0.096231667,0.079828003,0.029908667,0.138185714,0.129090194
AMPAS131,0.568766133,0.5216859,0.11968,0.032659733,0.1881984,0.228228,0.080932139,0.139028011,0.027028,0.1547,0.11999775
AMPAS54,0.502778733,0.459789931,0.102164333,0.0368752,0.1355112,0.228228,0.085210778,0.103960363,0.0160515,0.132296429,0.122270861
AMPAS36,0.556631467,0.434115992,0.123669333,0.032659733,0.1720744,0.228228,0.06991125,0.078596873,0.0160515,0.142739286,0.126817083
AMPAS125,0.4911147,0.445487252,0.0969595,0.0762128,0.0897144,0.228228,0.074303014,0.098217091,0.034307,0.116389286,0.122270861
AMPAS33,0.7513346,0.449666151,0.141185,0.0257792,0.1553704,0.429,0.072543292,0.073872419,0.0295655,0.146867857,0.126817083
AMPAS59,0.439631833,0.5202128,0.125071833,0.0164768,0.0698552,0.228228,0.153447778,0.086407907,0.0160515,0.104732143,0.159573472
AMPAS124,0.344531333,0.515277765,0.112673733,0.0128896,0.066816,0.152152,0.116662042,0.090990374,0.017491833,0.143528571,0.146604944
AMPAS74,0.3703518,0.402102528,0.102164333,0.033095467,0.08294,0.152152,0.083071458,0.052393971,0.033543333,0.104003571,0.129090194
AMPAS69,0.354210533,0.41917805,0.112673733,0.0064448,0.08294,0.152152,0.077807375,0.068748147,0.047057333,0.096475,0.129090194
AMPAS128,0.585688,0.546131313,0.11968,0.0328776,0.2049024,0.228228,0.073282375,0.146920006,0.047821,0.158828571,0.119279361
AMPAS93,0.530743933,0.432124101,0.091168733,0.0064448,0.2049024,0.228228,0.107252556,0.098494006,0.01015,0.111471429,0.104756111
AMPAS40,0.475915033,0.486531731,0.125071833,0.0557992,0.066816,0.228228,0.054611722,0.125144385,0.013514,0.164171429,0.129090194
AMPAS71,0.356363733,0.36872889,0.123669333,0.0304304,0.050112,0.152152,0.080685778,0.054447965,0.020029333,0.098114286,0.115451528
AMPAS132,0.472850767,0.481929868,0.125071833,0.095982933,0.099644,0.152152,0.116662042,0.098712017,0.017491833,0.104732143,0.144331833
AMPAS90,0.5823326,0.37513529,0.141185,0.0128896,0.099644,0.328614,0.096724389,0.041846873,0.0025375,0.118575,0.115451528
AMPAS61,0.494783533,0.415164006,0.102164333,0.02888,0.1355112,0.228228,0.079700333,0.064547585,0.0503585,0.108982143,0.111575444
AMPAS70,0.398145633,0.430500874,0.146576833,0.0164768,0.08294,0.152152,0.088581903,0.082810444,0.033543333,0.096475,0.129090194
AMPAS46,0.430219833,0.439119859,0.125071833,0.053352,0.099644,0.152152,0.043590833,0.091614521,0.025930833,0.162532143,0.115451528
AMPAS51,0.496528889,0.442082833,0.11968,0.028653689,0.1199672,0.228228,0.12982225,0.109628011,0.0025375,0.100603571,0.0994915
AMPAS92,0.377872433,0.405209312,0.135581233,0.0597968,0.1064184,0.076076,0.089074625,0.039176414,0.060300667,0.117117857,0.09953975
AMPAS38,0.472306019,0.503701147,0.123669333,0.047888686,0.148596,0.152152,0.056751042,0.134920022,0.036907333,0.155125,0.11999775
AMPAS43,0.555566305,0.42210677,0.123669333,0.036466971,0.066816,0.328614,0.049101278,0.106185901,0,0.155914286,0.110905306
AMPAS123,0.5410767,0.47680038,0.103566833,0.102863467,0.1064184,0.228228,0.101890431,0.12196989,0,0.104732143,0.148207917
AMPAS129,0.460058505,0.532418523,0.102164333,0.030022171,0.099644,0.228228,0.116662042,0.102820006,0.0638725,0.104732143,0.144331833
AMPAS121,0.564070833,0.512520928,0.089953233,0.1066432,0.1392464,0.228228,0.112664958,0.12039739,0.034307,0.103092857,0.142058722
AMPAS47,0.40401,0.450065245,0.112673733,0.039540267,0.099644,0.152152,0.094092347,0.129624017,0.063935333,0.076560714,0.085852833
AMPAS52,0.426462467,0.470614625,0.102164333,0.026214933,0.0698552,0.228228,0.085210778,0.082453549,0.0638725,0.112260714,0.126817083
AMPAS75,0.656835533,0.53629461,0.102164333,0,0.2017472,0.352924,0.113290917,0.105520022,0.054336333,0.134057143,0.129090194
AMPAS57,0.522634333,0.438127315,0.112673733,0.0443194,0.0370272,0.328614,0.102270028,0.060439596,0.0638725,0.102242857,0.109302333
AMPAS58,0.624418533,0.338440489,0.112673733,0.0128896,0.0698552,0.429,0.085210778,0.07505589,0.0160515,0.100603571,0.06151875
AMPAS89,0.291853067,0.40804631,0.11968,0.045985067,0.050112,0.076076,0.067525569,0.04578451,0.040885167,0.155914286,0.097936778
AMPAS91,0.522002033,0.55591081,0.135581233,0.0293664,0.2049024,0.152152,0.145270097,0.086340391,0.023393333,0.187728571,0.113178417
AMPAS122,0.392350333,0.531424143,0.112673733,0.0278806,0.099644,0.152152,0.12982225,0.110712,0.017491833,0.104732143,0.168665917
AND39,0.5198139,0.407250268,0.1425875,0.0493544,0.099644,0.228228,0.107780472,0.039792879,0.0295655,0.096475,0.133636417
AND44,0.424185633,0.417557236,0.1425875,0.029802133,0.099644,0.152152,0.090721222,0.043855954,0.025930833,0.130232143,0.126817083
AND42,0.420371233,0.388962445,0.1425875,0.042691733,0.08294,0.152152,0.102270028,0.032766862,0.050421333,0.096475,0.107029222
BEL5,0.5080247,0.443774968,0.1115455,0.0493544,0.1949728,0.152152,0.079700333,0.030388884,0.036907333,0.1836,0.113178417
BEL80,0.4705344,0.48099051,0.11968,0.0990584,0.099644,0.152152,0.060122167,0.032442879,0.084728333,0.170060714,0.133636417
BEL27,0.487504233,0.62243192,0.1640925,0.055581333,0.0396024,0.228228,0.053133556,0.058172857,0.159848,0.174189286,0.177088222
BEL12,0.422267433,0.40698449,0.1640925,0.049136533,0.0568864,0.152152,0.058890361,0.032442879,0.066472833,0.136,0.113178417
BEL9,0.46069707,0.45581199,0.157086233,0.068518836,0.08294,0.152152,0.079700333,0.0363037,0.060571333,0.150146429,0.129090194
BEL4,0.566841119,0.409664092,0.135581233,0.064365486,0.1386664,0.228228,0.074189889,0.034496873,0.0295655,0.146867857,0.124543972
BEL30,0.438957433,0.346979309,0.157086233,0.0493544,0.0803648,0.152152,0.072296931,0.032766862,0.025930833,0.111228571,0.104756111
BEL97,0.592937133,0.440212673,0.165495,0.099570133,0.099644,0.228228,0.090341625,0.043037235,0.061335,0.109589286,0.135909528
BEL78,0.3957382,0.50342184,0.098175,0.0457672,0.099644,0.152152,0.099602792,0.046326505,0.081364333,0.158403571,0.117724639
BEL81,0.4529323,0.50302462,0.1425875,0.0293664,0.2049024,0.076076,0.096724389,0.082365712,0.049324167,0.156885714,0.117724639
BEL7,0.3891618,0.354180231,0.11968,0.0443194,0.0730104,0.152152,0.066540125,0.037122419,0.039444833,0.134360714,0.076712139
BEL31,0.466586929,0.340164104,0.1425875,0.058654629,0.1131928,0.152152,0.064154444,0.038604862,0.052958833,0.105460714,0.07898525
BEL110,0.509207133,0.358550282,0.091168733,0.0901664,0.099644,0.228228,0.104866875,0.031855971,0.0025375,0.112260714,0.107029222
BEL102,0.572301333,0.407660404,0.112673733,0.0364268,0.1949728,0.228228,0.080932139,0.038681678,0.013514,0.162957143,0.111575444
BEL98,0.406586586,0.392604477,0.1425875,0.045031086,0.066816,0.152152,0.086442583,0.033909965,0.012416833,0.164171429,0.095663667
BEL62,0.407481633,0.372009489,0.1425875,0.029802133,0.08294,0.152152,0.059383083,0.038604862,0.023393333,0.132903571,0.117724639
BEL79,0.5594806,0.433546508,0.165495,0.1062328,0.2116768,0.076076,0.078053736,0.032442879,0.024833667,0.191857143,0.106359083
BEL99,0.5311389,0.403667078,0.1640925,0.0429096,0.0959088,0.228228,0.079074375,0.042465683,0.027028,0.123735714,0.131363306
BEL6,0.3981602,0.333071127,0.141185,0.0193344,0.1615648,0.076076,0.016038611,0.023038884,0.035810167,0.138185714,0.11999775
BEL95,0.3762993,0.417901858,0.1210825,0.0962008,0.08294,0.076076,0.101742111,0.02907543,0.029908667,0.150146429,0.107029222
BEL55,0.5492886,0.424867494,0.141185,0.0726256,0.08294,0.252538,0.070403972,0.042712851,0.084728333,0.097932143,0.129090194
BEL28,0.565064233,0.396983004,0.125071833,0.0329156,0.1788488,0.228228,0.075421694,0.042218516,0.0160515,0.159253571,0.104037722
BEL32,0.372631629,0.373086046,0.141185,0.042177829,0.1131928,0.076076,0.085210778,0.026604879,0.049324167,0.125375,0.086571222
BEL10,0.3448276,0.394907096,0.11968,0.0228836,0.050112,0.152152,0.056751042,0.029200868,0.039444833,0.151785714,0.117724639
BEL56,0.598116333,0.425409349,0.165495,0.118904533,0.1615648,0.152152,0.037341306,0.024550884,0.062775333,0.195985714,0.104756111
BEL63,0.4970288,0.410770557,0.11968,0.0661808,0.08294,0.228228,0.085210778,0.032442879,0.0762265,0.092346429,0.124543972
BEL13,0.4257197,0.372320974,0.1640925,0.0364648,0.0730104,0.152152,0.064400806,0.032442879,0.009879333,0.150146429,0.115451528
BEL8,0.5628146,0.366302075,0.141185,0.0128896,0.131892,0.276848,0.053626278,0.030388884,0.060300667,0.124767857,0.097218389
BEL60,0.4959736,0.403625982,0.11968,0.0328776,0.115188,0.228228,0.066540125,0.030388884,0.027028,0.155125,0.124543972
BEL109,0.6848727,0.407939964,0.1425875,0.1190844,0.1949728,0.228228,0.080932139,0.038357694,0.027028,0.127985714,0.133636417
BEL103,0.4704507,0.338815478,0.1425875,0.0364648,0.1392464,0.152152,0.101742111,0.021353787,0.012416833,0.103092857,0.100209889
BEL105,0.489408633,0.418023636,0.125071833,0.0364648,0.099644,0.228228,0.080932139,0.03491343,0.034307,0.150146429,0.117724639
BEL100,0.481820867,0.350022207,0.134178733,0.019770133,0.099644,0.228228,0.073282375,0.019299793,0.0025375,0.150146429,0.104756111
BEL106,0.5756022,0.40304498,0.165495,0.0265088,0.1553704,0.228228,0.083564181,0.0363037,0.013514,0.133753571,0.135909528
KIM120,0.436597733,0.382016627,0.112673733,0.02888,0.066816,0.228228,0.112763,0.029245782,0,0.106371429,0.133636417
KIM68,0.6798072,0.363046664,0.11968,0.0257792,0.181424,0.352924,0.083071458,0.030388884,0.009879333,0.126528571,0.113178417
KIM88,0.340916567,0.488995305,0.1425875,0.056017067,0.066236,0.076076,0.089109819,0.032442879,0.094607667,0.146017857,0.126817083
KIM49,0.633968186,0.419092237,0.1425875,0.051475886,0.2116768,0.228228,0.088828264,0.042465683,0.054056,0.111471429,0.122270861
KIM26,0.468100967,0.426717005,0.107556167,0.0597968,0.148596,0.152152,0.085457139,0.038604862,0.058033833,0.170182143,0.074439028
KIM73,0.3776556,0.392425523,0.11968,0.0228836,0.08294,0.152152,0.101742111,0.045088884,0.020029333,0.096475,0.129090194
KIM29,0.574982767,0.339624101,0.129061167,0.0493544,0.1683392,0.228228,0.047869472,0.032442879,0.013514,0.1258,0.11999775
KIM48,0.498875133,0.378969271,0.158488733,0.0329536,0.0792048,0.228228,0.055519236,0.030712868,0.0295655,0.14705,0.116121667
KIM21,0.450526233,0.390152081,0.157086233,0.0557992,0.1615648,0.076076,0.068679444,0.032442879,0.035810167,0.142314286,0.110905306
KIM50,0.5331853,0.371001539,0.0900405,0.053352,0.1615648,0.228228,0.074189889,0.036380516,0.0160515,0.146442857,0.097936778
KIM23,0.474741233,0.40415469,0.107556167,0.056017067,0.08294,0.228228,0.066540125,0.038604862,0.040542,0.145289286,0.113178417
KIM24,0.546902767,0.397018151,0.157086233,0.042691733,0.1949728,0.152152,0.072050569,0.032442879,0.023393333,0.142314286,0.126817083
KIM85,0.533181186,0.272364641,0.1640925,0.057920686,0.08294,0.228228,0.077314653,0.036380516,0.040542,0.093075,0.025052472
KIM118,0.530666733,0.323669586,0.134178733,0.0128896,0.1553704,0.228228,0.107252556,0.019299793,0,0.101453571,0.095663667
KIM45,0.602238386,0.459099207,0.1210825,0.124101486,0.2049024,0.152152,0.083810542,0.057069011,0.078493333,0.119728571,0.11999775
MAN11,0.6263572,0.326276134,0.088638,0.0257792,0.08294,0.429,0.038080389,0.029200868,0.027028,0.100603571,0.131363306
MAN14,0.481618578,0.355045264,0.123669333,0.050426844,0.1553704,0.152152,0.032569944,0.039792879,0.012416833,0.150267857,0.11999775
MAN112,0.5614262,0.328559186,0.067133,0.0264328,0.1392464,0.328614,0.099356431,0.021353787,0,0.103092857,0.104756111
MAN66,0.448756767,0.442463232,0.1640925,0.049572267,0.08294,0.152152,0.088581903,0.034496873,0.086105833,0.124646429,0.108632194
MAN113,0.7179026,0.366467404,0.067133,0.0861688,0.2116768,0.352924,0.057243764,0.0363037,0.009879333,0.143042857,0.11999775
MAN111,0.517437,0.350285367,0.067133,0.01444,0.08294,0.352924,0.059875806,0.0363037,0.009879333,0.128775,0.115451528
MAN82,0.543635267,0.393002619,0.169484333,0.046278933,0.099644,0.228228,0.099602792,0.032442879,0.0419195,0.108132143,0.110905306
MAN16,0.412178233,0.319582099,0.125071833,0.0229216,0.1120328,0.152152,0.036848583,0.030388884,0.012416833,0.113110714,0.126817083
MAN119,0.5101987,0.341368532,0.1425875,0.0762128,0.1392464,0.152152,0.062261486,0.038297614,0.009879333,0.115478571,0.115451528
MAN20,0.4809902,0.442418198,0.141185,0.0557612,0.131892,0.152152,0.056011958,0.032442879,0.079986833,0.158525,0.115451528
MAN34,0.363225033,0.500035001,0.1640925,0.042691733,0.0803648,0.076076,0.048362194,0.039176414,0.158480167,0.147657143,0.106359083
MAN87,0.4602139,0.376340657,0.1425875,0.053352,0.1881984,0.076076,0.096231667,0.026604879,0.046786667,0.1156,0.091117444
MAN15,0.401759419,0.313074694,0.102164333,0.047888686,0.0234784,0.228228,0.045483792,0.026604879,0.0430795,0.102242857,0.095663667
MAN116,0.6346825,0.419884969,0.125071833,0.109308267,0.1720744,0.228228,0.066160528,0.046898056,0.034307,0.157067857,0.115451528
MAN18,0.3936259,0.372179681,0.1425875,0.0493544,0.049532,0.152152,0.050501514,0.028658873,0.031005833,0.161803571,0.100209889
MAN67,0.4538923,0.445913628,0.1425875,0.0762128,0.08294,0.152152,0.114557917,0.046326505,0.051798833,0.124646429,0.108583944
MAN35,0.7169665,0.32125053,0.1640925,0.1061948,0.2184512,0.228228,0.064154444,0.026604879,0.0025375,0.150571429,0.077382278
MAN115,0.3282776,0.36750173,0.11968,0.0328776,0.099644,0.076076,0.107498917,0.023407782,0.024833667,0.104732143,0.107029222
MAN17,0.6263572,0.340725409,0.088638,0.0257792,0.08294,0.429,0.032569944,0.041846873,0.013514,0.141889286,0.110905306
MAN22,0.4279709,0.365368865,0.1640925,0.0293664,0.08236,0.152152,0.045483792,0.032442879,0.050421333,0.11475,0.122270861
MAN37,0.431714443,0.381728195,0.0900405,0.104033143,0.1615648,0.076076,0.044991069,0.036550868,0.029908667,0.138914286,0.131363306
MAN19,0.6607789,0.332215799,0.1640925,0.113088,0.1553704,0.228228,0.072050569,0.037738884,0.0160515,0.093196429,0.113178417
MAN65,0.5369186,0.381274056,0.102164333,0.099276267,0.08294,0.252538,0.059383083,0.034496873,0.057700333,0.100603571,0.129090194
MAN114,0.587772819,0.382909851,0.112673733,0.107624686,0.1392464,0.228228,0.064893528,0.04427251,0.027028,0.131264286,0.115451528
MAN86,0.4374763,0.41352957,0.1425875,0.0597968,0.08294,0.152152,0.080193056,0.036550868,0.039444833,0.141889286,0.115451528
MAN41,0.636100267,0.324544199,0.123669333,0.019770133,0.0636608,0.429,0.080967333,0.028658873,0.0025375,0.093985714,0.118394778
MAN84,0.5425515,0.424409986,0.1425875,0.0429096,0.2049024,0.152152,0.094092347,0.034496873,0.050421333,0.123128571,0.122270861
MAN64,0.544473133,0.470717794,0.102164333,0.0064448,0.08294,0.352924,0.051486958,0.03843451,0.092340833,0.170060714,0.118394778
MAN83,0.6183598,0.363871632,0.165495,0.0265088,0.198128,0.228228,0.078546458,0.030712868,0.027028,0.1547,0.072884306
NAB177,0.392252233,0.349453154,0.114076233,0.0164768,0.1856232,0.076076,0.080193056,0.024550884,0.022296167,0.113110714,0.109302333
NAB175,0.6439745,0.424295738,0.1210825,0.0762128,0.2184512,0.228228,0.107780472,0.024550884,0.044457,0.131385714,0.116121667
NAB178,0.564392233,0.396469284,0.114076233,0.0364648,0.1856232,0.228228,0.090721222,0.037693971,0.0160515,0.120639286,0.131363306
NAB230,0.329944967,0.480126904,0.107556167,0.0962008,0.050112,0.076076,0.101742111,0.030388884,0.060300667,0.151785714,0.135909528
NAB159,0.5743377,0.373069774,0.1210825,0.0962008,0.2049024,0.152152,0.049101278,0.034496873,0.020029333,0.147171429,0.122270861
NAB224,0.298577633,0.398166357,0.1425875,0.029802133,0.050112,0.076076,0.088581903,0.032442879,0.054065667,0.093985714,0.129090194
NAB156,0.617149967,0.539438501,0.1210825,0.095765067,0.1720744,0.228228,0.060122167,0.039747965,0.163212,0.149539286,0.126817083
NAB154,0.351966171,0.439554417,0.11968,0.030022171,0.050112,0.152152,0.046222875,0.0683247,0.090963333,0.127014286,0.107029222
NAB227,0.3028191,0.43216199,0.107556167,0.036246933,0.08294,0.076076,0.06991125,0.032442879,0.100842667,0.099875,0.129090194
NAD188,0.5543828,0.30425947,0.11968,0.0064448,0.099644,0.328614,0.075421694,0.026604879,0,0.138489286,0.063743611
NAD172,0.382323367,0.403477436,0.107556167,0.0557992,0.066816,0.152152,0.038080389,0.030388884,0.050421333,0.160042857,0.124543972
NAD176,0.3869467,0.400215782,0.1425875,0.0358112,0.132472,0.076076,0.077561014,0.032442879,0.049324167,0.13685,0.104037722
NAD147,0.374403752,0.533147247,0.084648667,0.047888686,0.0897144,0.152152,0.080193056,0.062085901,0.125270333,0.150146429,0.115451528
NAD149,0.374073633,0.427335673,0.1425875,0.029802133,0.049532,0.152152,0.067216361,0.032442879,0.050421333,0.161803571,0.115451528
NAD189,0.289761467,0.39354001,0.084648667,0.0393224,0.0897144,0.076076,0.069664889,0.032442879,0.060300667,0.108860714,0.122270861
NAD169,0.451407333,0.388512285,0.084648667,0.038886667,0.099644,0.228228,0.038080389,0.030388884,0.0430795,0.150146429,0.126817083
NAD174,0.5787011,0.341873423,0.1425875,0.0358112,0.1720744,0.228228,0.038080389,0.032442879,0.0430795,0.101453571,0.126817083
NAD190,0.3480035,0.422901553,0.1425875,0.0229216,0.1064184,0.076076,0.071670972,0.032442879,0.060300667,0.138489286,0.11999775
NAD152,0.416886433,0.453796555,0.1425875,0.049136533,0.0730104,0.152152,0.072050569,0.039577613,0.087265833,0.150146429,0.104756111
NAD150,0.3522615,0.434704146,0.107556167,0.036246933,0.0563064,0.152152,0.042359028,0.030388884,0.087265833,0.150146429,0.124543972
NAD187,0.351069633,0.408139271,0.1425875,0.042691733,0.0897144,0.076076,0.081460056,0.045739596,0.046786667,0.138489286,0.095663667
NDO247,0.351887133,0.416662648,0.102164333,0.0064448,0.066816,0.176462,0.086442583,0.021353787,0.035810167,0.1683,0.104756111
NDO249,0.471300533,0.475257035,0.112673733,0.0064448,0.099644,0.252538,0.086442583,0.035963959,0.071214333,0.170060714,0.111575444
NDO248,0.2909918,0.421115521,0.102164333,0.013107467,0.099644,0.076076,0.086442583,0.021353787,0.049324167,0.150146429,0.113848556
NLV157,0.374877633,0.438048347,0.1425875,0.036246933,0.1199672,0.076076,0.125860361,0.032442879,0.035810167,0.117117857,0.126817083
NLV237,0.512307033,0.285997926,0.125071833,0.0364648,0.1225424,0.228228,0.073036014,0.025499126,0.027028,0.098964286,0.0614705
NLV136,0.4596115,0.34466718,0.1425875,0.0429096,0.1219624,0.152152,0.044991069,0.030388884,0.036907333,0.112382143,0.11999775
NLV181,0.350489633,0.391826534,0.1425875,0.042691733,0.0891344,0.076076,0.040219708,0.028658873,0.060300667,0.160164286,0.102483
NLV204,0.5915824,0.411247385,0.11968,0.0193344,0.099644,0.352924,0.049101278,0.034496873,0.052958833,0.150146429,0.124543972
NLV200,0.3827218,0.387943805,0.141185,0.0064448,0.08294,0.152152,0.06991125,0.030388884,0.050421333,0.108132143,0.129090194
NLV233,0.331926733,0.345945061,0.102164333,0.01444,0.1392464,0.076076,0.080932139,0.021353787,0.035810167,0.103092857,0.104756111
NLV137,0.402694567,0.451766307,0.135581233,0.036246933,0.1547904,0.076076,0.042359028,0.035643037,0.094607667,0.156885714,0.122270861
NLV201,0.289130133,0.392986984,0.123669333,0.0064448,0.08294,0.076076,0.096231667,0.030388884,0.033272667,0.104003571,0.129090194
NLV165,0.432947033,0.488427324,0.125071833,0.0164768,0.1392464,0.152152,0.130991208,0.092874017,0.023393333,0.112078571,0.129090194
NLV202,0.3498938,0.421264585,0.141185,0.0064448,0.050112,0.152152,0.083071458,0.030388884,0.084728333,0.093985714,0.129090194
NLV231,0.3563263,0.35526336,0.107556167,0.029802133,0.066816,0.152152,0.075421694,0.035963959,0.025930833,0.106371429,0.111575444
NLV158,0.343974733,0.438194351,0.102164333,0.0457672,0.1199672,0.076076,0.090721222,0.032442879,0.062838167,0.125375,0.126817083
NLV160,0.4901654,0.557672695,0.098175,0.0766232,0.0871392,0.228228,0.100130708,0.089260363,0.13282,0.106371429,0.129090194
NLV179,0.3637083,0.388684474,0.1425875,0.0293664,0.0396024,0.152152,0.034709264,0.036226884,0.050421333,0.134360714,0.132966278
NLV183,0.4399808,0.439598603,0.11968,0.0393224,0.2049024,0.076076,0.051240597,0.026604879,0.073814667,0.187728571,0.100209889
NLV205,0.4501824,0.395977654,0.11968,0.0193344,0.08294,0.228228,0.049629194,0.030388884,0.027028,0.166660714,0.122270861
NLV155,0.520023367,0.421269942,0.135581233,0.036246933,0.1199672,0.228228,0.136388528,0.032442879,0.0160515,0.116389286,0.11999775
NLV206,0.373294733,0.390476863,0.102164333,0.0193344,0.099644,0.152152,0.055139639,0.032442879,0.025930833,0.150146429,0.126817083
NLV203,0.3993213,0.375832879,0.1640925,0.0762128,0.08294,0.076076,0.06991125,0.032442879,0.046786667,0.099875,0.126817083
NLV182,0.3305014,0.387439147,0.165495,0.0393984,0.049532,0.076076,0.016531333,0.034496873,0.073814667,0.149417857,0.113178417
NLV138,0.416145633,0.445608342,0.1425875,0.042691733,0.1547904,0.076076,0.042359028,0.034496873,0.083631167,0.171942857,0.113178417
NLV134,0.4501687,0.446497611,0.135581233,0.056017067,0.1064184,0.152152,0.051240597,0.032442879,0.125270333,0.149417857,0.088125944
NLV161,0.4807592,0.385938944,0.11968,0.0264328,0.1064184,0.228228,0.060122167,0.061838333,0.027028,0.125375,0.111575444
NLV163,0.605520033,0.400840015,0.1425875,0.029802133,0.2049024,0.228228,0.060122167,0.053631591,0.027028,0.135514286,0.124543972
NLV135,0.406122533,0.511032313,0.112673733,0.0193344,0.1219624,0.152152,0.067560764,0.032442879,0.111756333,0.170182143,0.129090194
NLV180,0.322972633,0.383834496,0.125071833,0.0164768,0.181424,0,0.100032667,0.035068425,0.043152,0.119728571,0.085852833
NLV207,0.306247067,0.425556496,0.084648667,0.0193344,0.050112,0.152152,0.049629194,0.030388884,0.050421333,0.1683,0.126817083
NLV235,0.455515833,0.400961416,0.125071833,0.0229216,0.1553704,0.152152,0.054611722,0.024550884,0.071214333,0.141282143,0.109302333
NLV228,0.327577133,0.389989164,0.102164333,0.0064448,0.066816,0.152152,0.075421694,0.045739596,0.057700333,0.106371429,0.104756111
NLV153,0.500646433,0.412653081,0.1425875,0.042691733,0.0871392,0.228228,0.078053736,0.051747948,0.0160515,0.127014286,0.139785611
NMN253,0.230171067,0.467075391,0.084648667,0.0193344,0.050112,0.076076,0.072050569,0.058394469,0.060300667,0.151785714,0.124543972
NMN265,0.296268167,0.383622229,0.107556167,0.0229216,0.0897144,0.076076,0.058890361,0.009403994,0.046786667,0.150146429,0.118394778
NMN250,0.2764359,0.433914841,0.107556167,0.042691733,0.050112,0.076076,0.075421694,0.013188,0.060300667,0.155914286,0.129090194
NMN268,0.291882952,0.439103182,0.084648667,0.041443886,0.0897144,0.076076,0.06991125,0.056418253,0.035810167,0.150146429,0.126817083
NMN259,0.309746967,0.351338544,0.107556167,0.0264708,0.099644,0.076076,0.094092347,0.025461776,0.022296167,0.104732143,0.104756111
NMN252,0.359174567,0.450120569,0.107556167,0.0493544,0.050112,0.152152,0.051240597,0.049940158,0.063935333,0.155914286,0.129090194
NMN267,0.256554567,0.482110939,0.107556167,0.0493544,0.099644,0,0.098519306,0.058301896,0.0507645,0.158403571,0.116121667
NMN261,0.3233868,0.426569999,0.084648667,0.019770133,0.066816,0.152152,0.105641153,0.033909965,0.025930833,0.151785714,0.109302333
NMN251,0.306247067,0.459385393,0.084648667,0.0193344,0.050112,0.152152,0.077561014,0.015241994,0.077449333,0.160042857,0.129090194
NMN266,0.389204133,0.484440551,0.084648667,0.045985067,0.1064184,0.152152,0.064400806,0.094928011,0.050421333,0.150146429,0.124543972
NMN262,0.276807467,0.384861285,0.084648667,0.0164388,0.099644,0.076076,0.088581903,0.021353787,0.022296167,0.150146429,0.102483
NMN260,0.309746967,0.349722783,0.107556167,0.0264708,0.099644,0.076076,0.094092347,0.019299793,0.022296167,0.104732143,0.109302333
NMG139,0.457392533,0.359285747,0.11968,0.019770133,0.0897144,0.228228,0.077709333,0.041307224,0.034307,0.117117857,0.088844333
NMG171,0.434623422,0.365806275,0.084648667,0.015328356,0.1064184,0.228228,0.079813458,0.035963959,0.027028,0.120517857,0.102483
NMG173,0.5161459,0.346621549,0.1425875,0.038912,0.1064184,0.228228,0.049101278,0.016709081,0.074849,0.117117857,0.088844333
NMG215,0.315926567,0.511743639,0.107556167,0.0493544,0.08294,0.076076,0.043590833,0.034496873,0.142762167,0.161803571,0.129090194
NMG184,0.459647,0.421654294,0.102164333,0.039540267,0.0897144,0.228228,0.083071458,0.032442879,0.040542,0.150146429,0.115451528
NMG145,0.399588633,0.44527881,0.125071833,0.0493544,0.0730104,0.152152,0.066540125,0.036550868,0.098242333,0.153546429,0.090399056
NMG238,0.2473108,0.415071577,0.084648667,0.019770133,0.066816,0.076076,0.086442583,0.021353787,0.038347667,0.164171429,0.104756111
NMG185,0.4614159,0.418675419,0.107556167,0.042691733,0.08294,0.228228,0.075421694,0.032442879,0.027028,0.150146429,0.133636417
NMG239,0.2801388,0.398292749,0.084648667,0.019770133,0.099644,0.076076,0.080932139,0.019299793,0.040885167,0.150146429,0.107029222
NMG167,0.470952705,0.434945892,0.112673733,0.042911771,0.0871392,0.228228,0.096231667,0.041801959,0.0565935,0.111228571,0.129090194
NMG218,0.395081767,0.434479978,0.107556167,0.0164768,0.1949728,0.076076,0.096231667,0.032442879,0.046786667,0.129928571,0.129090194
NMG241,0.266813467,0.395271744,0.084648667,0.0064448,0.099644,0.076076,0.080932139,0.021353787,0.035810167,0.150146429,0.107029222
NMG143,0.373874833,0.468648232,0.135581233,0.0557992,0.1064184,0.076076,0.059383083,0.037693971,0.094607667,0.150146429,0.126817083
NMG142,0.436731633,0.487970432,0.135581233,0.0493544,0.099644,0.152152,0.062261486,0.032442879,0.111756333,0.150146429,0.131363306
NMG166,0.503718633,0.333387093,0.157086233,0.0329156,0.1615648,0.152152,0.021549056,0.032442879,0.039444833,0.138185714,0.101764611
NMG221,0.294533133,0.434326198,0.102164333,0.0661808,0.050112,0.076076,0.083071458,0.032442879,0.108121667,0.0816,0.129090194
NMG162,0.5949366,0.345549873,0.165495,0.0458432,0.1553704,0.228228,0.032569944,0.030388884,0.0565935,0.101453571,0.124543972
NMG186,0.488780167,0.350033599,0.107556167,0.053352,0.099644,0.228228,0.075421694,0.029245782,0.0481545,0.150146429,0.047065194
NMG245,0.551970324,0.402919638,0.084648667,0.071891657,0.066816,0.328614,0.075421694,0.035963959,0.013514,0.164171429,0.113848556
NMG164,0.5058595,0.361885214,0.1425875,0.0229216,0.1881984,0.152152,0.032569944,0.030388884,0.023393333,0.146442857,0.129090194
NMG211,0.3526988,0.452961251,0.11968,0.0064448,0.050112,0.176462,0.056751042,0.040658857,0.108121667,0.122885714,0.124543972
NMG243,0.243932133,0.381360595,0.084648667,0.033095467,0.050112,0.076076,0.06991125,0.023407782,0.027371167,0.155914286,0.104756111
NMG170,0.509103367,0.395705571,0.107556167,0.053352,0.1199672,0.228228,0.107780472,0.024550884,0.0638725,0.076560714,0.122941
NMG168,0.561866,0.388652641,0.11968,0.0264328,0.0871392,0.328614,0.147409417,0.026604879,0.0160515,0.102971429,0.095615417
NMR254,0.4068448,0.405286542,0.11968,0.0193344,0.0396024,0.228228,0.045730153,0.017295989,0.06757,0.150146429,0.124543972
NMR255,0.4157881,0.428469684,0.1210825,0.0429096,0.099644,0.152152,0.088581903,0.03510938,0.036907333,0.150146429,0.117724639
NMR257,0.539450767,0.479710306,0.129061167,0.0293664,0.1527952,0.228228,0.068299847,0.060448463,0.0773865,0.135392857,0.138182639
NMR256,0.5022698,0.396993302,0.141185,0.0128896,0.1199672,0.228228,0.051240597,0.036550868,0.0430795,0.137032143,0.129090194
NMR263,0.5037047,0.420607134,0.1425875,0.0264708,0.1064184,0.228228,0.062754208,0.092874017,0.027028,0.108860714,0.129090194
NMR264,0.285763867,0.415421586,0.084648667,0.0353248,0.0897144,0.076076,0.054611722,0.058301896,0.073814667,0.117117857,0.111575444
NMR258,0.425004967,0.470921712,0.107556167,0.0229216,0.2184512,0.076076,0.06991125,0.032442879,0.083631167,0.1513,0.133636417
NMT194,0.356590733,0.370194544,0.102164333,0.0193344,0.08294,0.152152,0.046222875,0.032442879,0.025930833,0.150146429,0.115451528
NMT216,0.492039033,0.591213628,0.125071833,0.0557992,0.08294,0.228228,0.062261486,0.106604011,0.0836215,0.170060714,0.168665917
NMT191,0.415248467,0.3861324,0.106153667,0.0064448,0.050112,0.252538,0.068792569,0.032766862,0.063935333,0.102242857,0.118394778
NMT195,0.456251267,0.401054313,0.102164333,0.026214933,0.099644,0.228228,0.064400806,0.030388884,0.027028,0.150146429,0.129090194
NMT192,0.365206133,0.440684227,0.123669333,0.0064448,0.08294,0.152152,0.075421694,0.038604862,0.063935333,0.133632143,0.129090194
NMT222,0.4527864,0.422170066,0.084648667,0.032659733,0.08294,0.252538,0.06991125,0.058301896,0.036907333,0.165932143,0.091117444
NMT213,0.4390652,0.586380759,0.084648667,0.019770133,0.1064184,0.228228,0.094092347,0.094928011,0.12267,0.150146429,0.124543972
NMT209,0.342889467,0.416827042,0.084648667,0.0064448,0.099644,0.152152,0.094092347,0.033909965,0.009879333,0.174189286,0.104756111
NMT148,0.472277767,0.441715794,0.107556167,0.0493544,0.0871392,0.228228,0.083071458,0.059460355,0.0430795,0.127014286,0.129090194
NMT210,0.342889467,0.399603519,0.084648667,0.0064448,0.099644,0.152152,0.094092347,0.033909965,0.009879333,0.150146429,0.111575444
NMT151,0.5208452,0.459026587,0.084648667,0.019770133,0.1881984,0.228228,0.067771931,0.06619389,0.040542,0.155428571,0.129090194
NMT140,0.320125767,0.591687733,0.107556167,0.0493544,0.0871392,0.076076,0.083071458,0.104550017,0.110659167,0.127014286,0.166392806
NMT225,0.441115367,0.535575505,0.107556167,0.0557992,0.049532,0.228228,0.053379917,0.062085901,0.128905,0.166660714,0.124543972
NMT193,0.5059881,0.432213007,0.129061167,0.029802133,0.1949728,0.152152,0.096231667,0.030388884,0.025930833,0.150571429,0.129090194
NMT198,0.481886967,0.461701071,0.107556167,0.0464588,0.099644,0.228228,0.080932139,0.046888821,0.074849,0.154275,0.104756111
NMT199,0.4652303,0.463594498,0.107556167,0.029802133,0.099644,0.228228,0.06991125,0.090820022,0.013514,0.162532143,0.126817083
NMT219,0.266924967,0.387701984,0.107556167,0.0164768,0.066816,0.076076,0.094092347,0.021353787,0.027371167,0.140128571,0.104756111
NMT144,0.4591703,0.497698833,0.107556167,0.036246933,0.0871392,0.228228,0.100130708,0.091144006,0.0701075,0.127014286,0.109302333
NMT141,0.603033467,0.498607903,0.084648667,0.0064448,0.08294,0.429,0.118949681,0.093198,0.054056,0.125375,0.107029222
NMT146,0.482745967,0.398194757,0.125071833,0.029802133,0.099644,0.228228,0.075914417,0.058301896,0.027028,0.125375,0.111575444
NMT197,0.487643667,0.341077025,0.130463667,0.0329536,0.1720744,0.152152,0.056751042,0.030388884,0.023393333,0.101453571,0.129090194
,0.455052582,0.416852536,0.121071285,0.040913689,0.111913567,0.181154041,0.075838918,0.046042039,0.044937758,0.133508226,0.116525596
